Date,Comp,Round,Day,Venue,Result,GF,GA,Opponent,Poss,team
2015-08-02,Community Shield,FA Community Shield,Sun,Neutral,W,1,0,Chelsea,43.0,arsenal
2015-08-09,Premier League,Matchweek 1,Sun,Home,L,0,2,West Ham,62.0,arsenal
2015-08-16,Premier League,Matchweek 2,Sun,Away,W,2,1,Crystal Palace,59.0,arsenal
2015-08-24,Premier League,Matchweek 3,Mon,Home,D,0,0,Liverpool,66.0,arsenal
2015-08-29,Premier League,Matchweek 4,Sat,Away,W,1,0,Newcastle Utd,74.0,arsenal
2015-09-12,Premier League,Matchweek 5,Sat,Home,W,2,0,Stoke City,68.0,arsenal
2015-09-16,Champions Lg,Group stage,Wed,Away,L,1,2,hr Dinamo Zagreb,58.0,arsenal
2015-09-19,Premier League,Matchweek 6,Sat,Away,L,0,2,Chelsea,37.0,arsenal
2015-09-23,League Cup,Third round,Wed,Away,W,2,1,Tottenham,,arsenal
2015-09-26,Premier League,Matchweek 7,Sat,Away,W,5,2,Leicester City,58.0,arsenal
2015-09-29,Champions Lg,Group stage,Tue,Home,L,2,3,gr Olympiacos,63.0,arsenal
2015-10-04,Premier League,Matchweek 8,Sun,Home,W,3,0,Manchester Utd,38.0,arsenal
2015-10-17,Premier League,Matchweek 9,Sat,Away,W,3,0,Watford,67.0,arsenal
2015-10-20,Champions Lg,Group stage,Tue,Home,W,2,0,de Bayern Munich,32.0,arsenal
2015-10-24,Premier League,Matchweek 10,Sat,Home,W,2,1,Everton,56.0,arsenal
2015-10-27,League Cup,Fourth round,Tue,Away,L,0,3,Sheffield Weds,,arsenal
2015-10-31,Premier League,Matchweek 11,Sat,Away,W,3,0,Swansea City,46.0,arsenal
2015-11-04,Champions Lg,Group stage,Wed,Away,L,1,5,de Bayern Munich,35.0,arsenal
2015-11-08,Premier League,Matchweek 12,Sun,Home,D,1,1,Tottenham,55.0,arsenal
2015-11-21,Premier League,Matchweek 13,Sat,Away,L,1,2,West Brom,73.0,arsenal
2015-11-24,Champions Lg,Group stage,Tue,Home,W,3,0,hr Dinamo Zagreb,52.0,arsenal
2015-11-29,Premier League,Matchweek 14,Sun,Away,D,1,1,Norwich City,63.0,arsenal
2015-12-05,Premier League,Matchweek 15,Sat,Home,W,3,1,Sunderland,73.0,arsenal
2015-12-09,Champions Lg,Group stage,Wed,Away,W,3,0,gr Olympiacos,50.0,arsenal
2015-12-13,Premier League,Matchweek 16,Sun,Away,W,2,0,Aston Villa,54.0,arsenal
2015-12-21,Premier League,Matchweek 17,Mon,Home,W,2,1,Manchester City,37.0,arsenal
2015-12-26,Premier League,Matchweek 18,Sat,Away,L,0,4,Southampton,65.0,arsenal
2015-12-28,Premier League,Matchweek 19,Mon,Home,W,2,0,Bournemouth,51.0,arsenal
2016-01-02,Premier League,Matchweek 20,Sat,Home,W,1,0,Newcastle Utd,51.0,arsenal
2016-01-09,FA Cup,Third round,Sat,Home,W,3,1,Sunderland,,arsenal
2016-01-13,Premier League,Matchweek 21,Wed,Away,D,3,3,Liverpool,41.0,arsenal
2016-01-17,Premier League,Matchweek 22,Sun,Away,D,0,0,Stoke City,55.0,arsenal
2016-01-24,Premier League,Matchweek 23,Sun,Home,L,0,1,Chelsea,47.0,arsenal
2016-01-30,FA Cup,Fourth round,Sat,Home,W,2,1,Burnley,,arsenal
2016-02-02,Premier League,Matchweek 24,Tue,Home,D,0,0,Southampton,67.0,arsenal
2016-02-07,Premier League,Matchweek 25,Sun,Away,W,2,0,Bournemouth,49.0,arsenal
2016-02-14,Premier League,Matchweek 26,Sun,Home,W,2,1,Leicester City,72.0,arsenal
2016-02-20,FA Cup,Fifth round,Sat,Home,D,0,0,Hull City,,arsenal
2016-02-23,Champions Lg,Round of 16,Tue,Home,L,0,2,es Barcelona,35.0,arsenal
2016-02-28,Premier League,Matchweek 27,Sun,Away,L,2,3,Manchester Utd,61.0,arsenal
2016-03-02,Premier League,Matchweek 28,Wed,Home,L,1,2,Swansea City,63.0,arsenal
2016-03-05,Premier League,Matchweek 29,Sat,Away,D,2,2,Tottenham,48.0,arsenal
2016-03-08,FA Cup,Fifth round,Tue,Away,W,4,0,Hull City,,arsenal
2016-03-13,FA Cup,Quarter-finals,Sun,Home,L,1,2,Watford,,arsenal
2016-03-16,Champions Lg,Round of 16,Wed,Away,L,1,3,es Barcelona,38.0,arsenal
2016-03-19,Premier League,Matchweek 31,Sat,Away,W,2,0,Everton,46.0,arsenal
2016-04-02,Premier League,Matchweek 32,Sat,Home,W,4,0,Watford,69.0,arsenal
2016-04-09,Premier League,Matchweek 33,Sat,Away,D,3,3,West Ham,61.0,arsenal
2016-04-17,Premier League,Matchweek 34,Sun,Home,D,1,1,Crystal Palace,72.0,arsenal
2016-04-21,Premier League,Matchweek 30,Thu,Home,W,2,0,West Brom,71.0,arsenal
2016-04-24,Premier League,Matchweek 35,Sun,Away,D,0,0,Sunderland,70.0,arsenal
2016-04-30,Premier League,Matchweek 36,Sat,Home,W,1,0,Norwich City,69.0,arsenal
2016-05-08,Premier League,Matchweek 37,Sun,Away,D,2,2,Manchester City,43.0,arsenal
2016-05-15,Premier League,Matchweek 38,Sun,Home,W,4,0,Aston Villa,60.0,arsenal
2015-08-08,Premier League,Matchweek 1,Sat,Away,W,1,0,Bournemouth,42.0,aston-villa
2015-08-14,Premier League,Matchweek 2,Fri,Home,L,0,1,Manchester Utd,46.0,aston-villa
2015-08-22,Premier League,Matchweek 3,Sat,Away,L,1,2,Crystal Palace,50.0,aston-villa
2015-08-25,League Cup,Second round,Tue,Home,W,5,3,Notts County,,aston-villa
2015-08-29,Premier League,Matchweek 4,Sat,Home,D,2,2,Sunderland,62.0,aston-villa
2015-09-13,Premier League,Matchweek 5,Sun,Away,L,2,3,Leicester City,51.0,aston-villa
2015-09-19,Premier League,Matchweek 6,Sat,Home,L,0,1,West Brom,60.0,aston-villa
2015-09-22,League Cup,Third round,Tue,Home,W,1,0,Birmingham City,,aston-villa
2015-09-26,Premier League,Matchweek 7,Sat,Away,L,2,3,Liverpool,38.0,aston-villa
2015-10-03,Premier League,Matchweek 8,Sat,Home,L,0,1,Stoke City,56.0,aston-villa
2015-10-17,Premier League,Matchweek 9,Sat,Away,L,0,2,Chelsea,51.0,aston-villa
2015-10-24,Premier League,Matchweek 10,Sat,Home,L,1,2,Swansea City,48.0,aston-villa
2015-10-28,League Cup,Fourth round,Wed,Away,L,1,2,Southampton,,aston-villa
2015-11-02,Premier League,Matchweek 11,Mon,Away,L,1,3,Tottenham,39.0,aston-villa
2015-11-08,Premier League,Matchweek 12,Sun,Home,D,0,0,Manchester City,41.0,aston-villa
2015-11-21,Premier League,Matchweek 13,Sat,Away,L,0,4,Everton,40.0,aston-villa
2015-11-28,Premier League,Matchweek 14,Sat,Home,L,2,3,Watford,65.0,aston-villa
2015-12-05,Premier League,Matchweek 15,Sat,Away,D,1,1,Southampton,37.0,aston-villa
2015-12-13,Premier League,Matchweek 16,Sun,Home,L,0,2,Arsenal,46.0,aston-villa
2015-12-19,Premier League,Matchweek 17,Sat,Away,D,1,1,Newcastle Utd,53.0,aston-villa
2015-12-26,Premier League,Matchweek 18,Sat,Home,D,1,1,West Ham,59.0,aston-villa
2015-12-28,Premier League,Matchweek 19,Mon,Away,L,0,2,Norwich City,52.0,aston-villa
2016-01-02,Premier League,Matchweek 20,Sat,Away,L,1,3,Sunderland,55.0,aston-villa
2016-01-09,FA Cup,Third round,Sat,Away,D,1,1,Wycombe,,aston-villa
2016-01-12,Premier League,Matchweek 21,Tue,Home,W,1,0,Crystal Palace,51.0,aston-villa
2016-01-16,Premier League,Matchweek 22,Sat,Home,D,1,1,Leicester City,57.0,aston-villa
2016-01-19,FA Cup,Third round,Tue,Home,W,2,0,Wycombe,,aston-villa
2016-01-23,Premier League,Matchweek 23,Sat,Away,D,0,0,West Brom,61.0,aston-villa
2016-01-30,FA Cup,Fourth round,Sat,Home,L,0,4,Manchester City,,aston-villa
2016-02-02,Premier League,Matchweek 24,Tue,Away,L,0,2,West Ham,32.0,aston-villa
2016-02-06,Premier League,Matchweek 25,Sat,Home,W,2,0,Norwich City,48.0,aston-villa
2016-02-14,Premier League,Matchweek 26,Sun,Home,L,0,6,Liverpool,39.0,aston-villa
2016-02-27,Premier League,Matchweek 27,Sat,Away,L,1,2,Stoke City,45.0,aston-villa
2016-03-01,Premier League,Matchweek 28,Tue,Home,L,1,3,Everton,47.0,aston-villa
2016-03-05,Premier League,Matchweek 29,Sat,Away,L,0,4,Manchester City,29.0,aston-villa
2016-03-13,Premier League,Matchweek 30,Sun,Home,L,0,2,Tottenham,38.0,aston-villa
2016-03-19,Premier League,Matchweek 31,Sat,Away,L,0,1,Swansea City,46.0,aston-villa
2016-04-02,Premier League,Matchweek 32,Sat,Home,L,0,4,Chelsea,42.0,aston-villa
2016-04-09,Premier League,Matchweek 33,Sat,Home,L,1,2,Bournemouth,41.0,aston-villa
2016-04-16,Premier League,Matchweek 34,Sat,Away,L,0,1,Manchester Utd,34.0,aston-villa
2016-04-23,Premier League,Matchweek 35,Sat,Home,L,2,4,Southampton,42.0,aston-villa
2016-04-30,Premier League,Matchweek 36,Sat,Away,L,2,3,Watford,35.0,aston-villa
2016-05-07,Premier League,Matchweek 37,Sat,Home,D,0,0,Newcastle Utd,46.0,aston-villa
2016-05-15,Premier League,Matchweek 38,Sun,Away,L,0,4,Arsenal,40.0,aston-villa
2015-08-08,Premier League,Matchweek 1,Sat,Home,L,0,1,Aston Villa,58.0,bournemouth
2015-08-17,Premier League,Matchweek 2,Mon,Away,L,0,1,Liverpool,45.0,bournemouth
2015-08-22,Premier League,Matchweek 3,Sat,Away,W,4,3,West Ham,54.0,bournemouth
2015-08-25,League Cup,Second round,Tue,Away,W,4,0,Hartlepool Utd,,bournemouth
2015-08-29,Premier League,Matchweek 4,Sat,Home,D,1,1,Leicester City,56.0,bournemouth
2015-09-12,Premier League,Matchweek 5,Sat,Away,L,1,3,Norwich City,52.0,bournemouth
2015-09-19,Premier League,Matchweek 6,Sat,Home,W,2,0,Sunderland,53.0,bournemouth
2015-09-22,League Cup,Third round,Tue,Away,D,2 (3),2 (2),Preston,,bournemouth
2015-09-26,Premier League,Matchweek 7,Sat,Away,L,1,2,Stoke City,56.0,bournemouth
2015-10-03,Premier League,Matchweek 8,Sat,Home,D,1,1,Watford,54.0,bournemouth
2015-10-17,Premier League,Matchweek 9,Sat,Away,L,1,5,Manchester City,46.0,bournemouth
2015-10-25,Premier League,Matchweek 10,Sun,Home,L,1,5,Tottenham,46.0,bournemouth
2015-10-28,League Cup,Fourth round,Wed,Away,L,0,1,Liverpool,,bournemouth
2015-11-01,Premier League,Matchweek 11,Sun,Away,L,0,2,Southampton,52.0,bournemouth
2015-11-07,Premier League,Matchweek 12,Sat,Home,L,0,1,Newcastle Utd,67.0,bournemouth
2015-11-21,Premier League,Matchweek 13,Sat,Away,D,2,2,Swansea City,57.0,bournemouth
2015-11-28,Premier League,Matchweek 14,Sat,Home,D,3,3,Everton,57.0,bournemouth
2015-12-05,Premier League,Matchweek 15,Sat,Away,W,1,0,Chelsea,37.0,bournemouth
2015-12-12,Premier League,Matchweek 16,Sat,Home,W,2,1,Manchester Utd,44.0,bournemouth
2015-12-19,Premier League,Matchweek 17,Sat,Away,W,2,1,West Brom,67.0,bournemouth
2015-12-26,Premier League,Matchweek 18,Sat,Home,D,0,0,Crystal Palace,55.0,bournemouth
2015-12-28,Premier League,Matchweek 19,Mon,Away,L,0,2,Arsenal,49.0,bournemouth
2016-01-02,Premier League,Matchweek 20,Sat,Away,D,0,0,Leicester City,47.0,bournemouth
2016-01-09,FA Cup,Third round,Sat,Away,W,2,1,Birmingham City,,bournemouth
2016-01-12,Premier League,Matchweek 21,Tue,Home,L,1,3,West Ham,49.0,bournemouth
2016-01-16,Premier League,Matchweek 22,Sat,Home,W,3,0,Norwich City,45.0,bournemouth
2016-01-23,Premier League,Matchweek 23,Sat,Away,D,1,1,Sunderland,57.0,bournemouth
2016-01-30,FA Cup,Fourth round,Sat,Away,W,2,1,Portsmouth,,bournemouth
2016-02-02,Premier League,Matchweek 24,Tue,Away,W,2,1,Crystal Palace,49.0,bournemouth
2016-02-07,Premier League,Matchweek 25,Sun,Home,L,0,2,Arsenal,51.0,bournemouth
2016-02-13,Premier League,Matchweek 26,Sat,Home,L,1,3,Stoke City,66.0,bournemouth
2016-02-20,FA Cup,Fifth round,Sat,Home,L,0,2,Everton,,bournemouth
2016-02-27,Premier League,Matchweek 27,Sat,Away,D,0,0,Watford,53.0,bournemouth
2016-03-01,Premier League,Matchweek 28,Tue,Home,W,2,0,Southampton,45.0,bournemouth
2016-03-05,Premier League,Matchweek 29,Sat,Away,W,3,1,Newcastle Utd,51.0,bournemouth
2016-03-12,Premier League,Matchweek 30,Sat,Home,W,3,2,Swansea City,44.0,bournemouth
2016-03-20,Premier League,Matchweek 31,Sun,Away,L,0,3,Tottenham,37.0,bournemouth
2016-04-02,Premier League,Matchweek 32,Sat,Home,L,0,4,Manchester City,46.0,bournemouth
2016-04-09,Premier League,Matchweek 33,Sat,Away,W,2,1,Aston Villa,59.0,bournemouth
2016-04-17,Premier League,Matchweek 34,Sun,Home,L,1,2,Liverpool,51.0,bournemouth
2016-04-23,Premier League,Matchweek 35,Sat,Home,L,1,4,Chelsea,45.0,bournemouth
2016-04-30,Premier League,Matchweek 36,Sat,Away,L,1,2,Everton,44.0,bournemouth
2016-05-07,Premier League,Matchweek 37,Sat,Home,D,1,1,West Brom,69.0,bournemouth
2016-05-17,Premier League,Matchweek 38,Tue,Away,L,1,3,Manchester Utd,34.0,bournemouth
2015-08-02,Community Shield,FA Community Shield,Sun,Neutral,L,0,1,Arsenal,57.0,chelsea
2015-08-08,Premier League,Matchweek 1,Sat,Home,D,2,2,Swansea City,52.0,chelsea
2015-08-16,Premier League,Matchweek 2,Sun,Away,L,0,3,Manchester City,51.0,chelsea
2015-08-23,Premier League,Matchweek 3,Sun,Away,W,3,2,West Brom,56.0,chelsea
2015-08-29,Premier League,Matchweek 4,Sat,Home,L,1,2,Crystal Palace,64.0,chelsea
2015-09-12,Premier League,Matchweek 5,Sat,Away,L,1,3,Everton,61.0,chelsea
2015-09-16,Champions Lg,Group stage,Wed,Home,W,4,0,il Maccabi Tel Aviv,60.0,chelsea
2015-09-19,Premier League,Matchweek 6,Sat,Home,W,2,0,Arsenal,63.0,chelsea
2015-09-23,League Cup,Third round,Wed,Away,W,4,1,Walsall,,chelsea
2015-09-26,Premier League,Matchweek 7,Sat,Away,D,2,2,Newcastle Utd,65.0,chelsea
2015-09-29,Champions Lg,Group stage,Tue,Away,L,1,2,pt Porto,58.0,chelsea
2015-10-03,Premier League,Matchweek 8,Sat,Home,L,1,3,Southampton,60.0,chelsea
2015-10-17,Premier League,Matchweek 9,Sat,Home,W,2,0,Aston Villa,49.0,chelsea
2015-10-20,Champions Lg,Group stage,Tue,Away,D,0,0,ua Dynamo Kyiv,44.0,chelsea
2015-10-24,Premier League,Matchweek 10,Sat,Away,L,1,2,West Ham,55.0,chelsea
2015-10-27,League Cup,Fourth round,Tue,Away,D,1 (4),1 (5),Stoke City,,chelsea
2015-10-31,Premier League,Matchweek 11,Sat,Home,L,1,3,Liverpool,43.0,chelsea
2015-11-04,Champions Lg,Group stage,Wed,Home,W,2,1,ua Dynamo Kyiv,52.0,chelsea
2015-11-07,Premier League,Matchweek 12,Sat,Away,L,0,1,Stoke City,63.0,chelsea
2015-11-21,Premier League,Matchweek 13,Sat,Home,W,1,0,Norwich City,64.0,chelsea
2015-11-24,Champions Lg,Group stage,Tue,Away,W,4,0,il Maccabi Tel Aviv,60.0,chelsea
2015-11-29,Premier League,Matchweek 14,Sun,Away,D,0,0,Tottenham,42.0,chelsea
2015-12-05,Premier League,Matchweek 15,Sat,Home,L,0,1,Bournemouth,63.0,chelsea
2015-12-09,Champions Lg,Group stage,Wed,Home,W,2,0,pt Porto,41.0,chelsea
2015-12-14,Premier League,Matchweek 16,Mon,Away,L,1,2,Leicester City,66.0,chelsea
2015-12-19,Premier League,Matchweek 17,Sat,Home,W,3,1,Sunderland,67.0,chelsea
2015-12-26,Premier League,Matchweek 18,Sat,Home,D,2,2,Watford,62.0,chelsea
2015-12-28,Premier League,Matchweek 19,Mon,Away,D,0,0,Manchester Utd,33.0,chelsea
2016-01-03,Premier League,Matchweek 20,Sun,Away,W,3,0,Crystal Palace,60.0,chelsea
2016-01-10,FA Cup,Third round,Sun,Home,W,2,0,Scunthorpe Utd,,chelsea
2016-01-13,Premier League,Matchweek 21,Wed,Home,D,2,2,West Brom,61.0,chelsea
2016-01-16,Premier League,Matchweek 22,Sat,Home,D,3,3,Everton,55.0,chelsea
2016-01-24,Premier League,Matchweek 23,Sun,Away,W,1,0,Arsenal,53.0,chelsea
2016-01-31,FA Cup,Fourth round,Sun,Away,W,5,1,MK Dons,,chelsea
2016-02-03,Premier League,Matchweek 24,Wed,Away,D,0,0,Watford,55.0,chelsea
2016-02-07,Premier League,Matchweek 25,Sun,Home,D,1,1,Manchester Utd,49.0,chelsea
2016-02-13,Premier League,Matchweek 26,Sat,Home,W,5,1,Newcastle Utd,55.0,chelsea
2016-02-16,Champions Lg,Round of 16,Tue,Away,L,1,2,fr Paris S-G,39.0,chelsea
2016-02-21,FA Cup,Fifth round,Sun,Home,W,5,1,Manchester City,,chelsea
2016-02-27,Premier League,Matchweek 27,Sat,Away,W,2,1,Southampton,65.0,chelsea
2016-03-01,Premier League,Matchweek 28,Tue,Away,W,2,1,Norwich City,53.0,chelsea
2016-03-05,Premier League,Matchweek 29,Sat,Home,D,1,1,Stoke City,49.0,chelsea
2016-03-09,Champions Lg,Round of 16,Wed,Home,L,1,2,fr Paris S-G,42.0,chelsea
2016-03-12,FA Cup,Quarter-finals,Sat,Away,L,0,2,Everton,,chelsea
2016-03-19,Premier League,Matchweek 31,Sat,Home,D,2,2,West Ham,59.0,chelsea
2016-04-02,Premier League,Matchweek 32,Sat,Away,W,4,0,Aston Villa,58.0,chelsea
2016-04-09,Premier League,Matchweek 33,Sat,Away,L,0,1,Swansea City,61.0,chelsea
2016-04-16,Premier League,Matchweek 34,Sat,Home,L,0,3,Manchester City,52.0,chelsea
2016-04-23,Premier League,Matchweek 35,Sat,Away,W,4,1,Bournemouth,55.0,chelsea
2016-05-02,Premier League,Matchweek 36,Mon,Home,D,2,2,Tottenham,47.0,chelsea
2016-05-07,Premier League,Matchweek 37,Sat,Away,L,2,3,Sunderland,69.0,chelsea
2016-05-11,Premier League,Matchweek 30,Wed,Away,D,1,1,Liverpool,45.0,chelsea
2016-05-15,Premier League,Matchweek 38,Sun,Home,D,1,1,Leicester City,54.0,chelsea
2015-08-10,Premier League,Matchweek 1,Mon,Away,W,3,0,West Brom,69.0,city
2015-08-16,Premier League,Matchweek 2,Sun,Home,W,3,0,Chelsea,49.0,city
2015-08-23,Premier League,Matchweek 3,Sun,Away,W,2,0,Everton,54.0,city
2015-08-29,Premier League,Matchweek 4,Sat,Home,W,2,0,Watford,59.0,city
2015-09-12,Premier League,Matchweek 5,Sat,Away,W,1,0,Crystal Palace,58.0,city
2015-09-15,Champions Lg,Group stage,Tue,Home,L,1,2,it Juventus,56.0,city
2015-09-19,Premier League,Matchweek 6,Sat,Home,L,1,2,West Ham,72.0,city
2015-09-22,League Cup,Third round,Tue,Away,W,4,1,Sunderland,,city
2015-09-26,Premier League,Matchweek 7,Sat,Away,L,1,4,Tottenham,54.0,city
2015-09-30,Champions Lg,Group stage,Wed,Away,W,2,1,de M'Gladbach,62.0,city
2015-10-03,Premier League,Matchweek 8,Sat,Home,W,6,1,Newcastle Utd,64.0,city
2015-10-17,Premier League,Matchweek 9,Sat,Home,W,5,1,Bournemouth,54.0,city
2015-10-21,Champions Lg,Group stage,Wed,Home,W,2,1,es Sevilla,42.0,city
2015-10-25,Premier League,Matchweek 10,Sun,Away,D,0,0,Manchester Utd,41.0,city
2015-10-28,League Cup,Fourth round,Wed,Home,W,5,1,Crystal Palace,,city
2015-10-31,Premier League,Matchweek 11,Sat,Home,W,2,1,Norwich City,71.0,city
2015-11-03,Champions Lg,Group stage,Tue,Away,W,3,1,es Sevilla,44.0,city
2015-11-08,Premier League,Matchweek 12,Sun,Away,D,0,0,Aston Villa,59.0,city
2015-11-21,Premier League,Matchweek 13,Sat,Home,L,1,4,Liverpool,58.0,city
2015-11-25,Champions Lg,Group stage,Wed,Away,L,0,1,it Juventus,57.0,city
2015-11-28,Premier League,Matchweek 14,Sat,Home,W,3,1,Southampton,46.0,city
2015-12-01,League Cup,Quarter-finals,Tue,Home,W,4,1,Hull City,,city
2015-12-05,Premier League,Matchweek 15,Sat,Away,L,0,2,Stoke City,54.0,city
2015-12-08,Champions Lg,Group stage,Tue,Home,W,4,2,de M'Gladbach,51.0,city
2015-12-12,Premier League,Matchweek 16,Sat,Home,W,2,1,Swansea City,53.0,city
2015-12-21,Premier League,Matchweek 17,Mon,Away,L,1,2,Arsenal,63.0,city
2015-12-26,Premier League,Matchweek 18,Sat,Home,W,4,1,Sunderland,66.0,city
2015-12-29,Premier League,Matchweek 19,Tue,Away,D,0,0,Leicester City,61.0,city
2016-01-02,Premier League,Matchweek 20,Sat,Away,W,2,1,Watford,52.0,city
2016-01-06,League Cup,Semi-finals,Wed,Away,L,1,2,Everton,,city
2016-01-09,FA Cup,Third round,Sat,Away,W,3,0,Norwich City,,city
2016-01-13,Premier League,Matchweek 21,Wed,Home,D,0,0,Everton,55.0,city
2016-01-16,Premier League,Matchweek 22,Sat,Home,W,4,0,Crystal Palace,53.0,city
2016-01-23,Premier League,Matchweek 23,Sat,Away,D,2,2,West Ham,53.0,city
2016-01-27,League Cup,Semi-finals,Wed,Home,W,3,1,Everton,,city
2016-01-30,FA Cup,Fourth round,Sat,Away,W,4,0,Aston Villa,,city
2016-02-02,Premier League,Matchweek 24,Tue,Away,W,1,0,Sunderland,50.0,city
2016-02-06,Premier League,Matchweek 25,Sat,Home,L,1,3,Leicester City,66.0,city
2016-02-14,Premier League,Matchweek 26,Sun,Home,L,1,2,Tottenham,46.0,city
2016-02-21,FA Cup,Fifth round,Sun,Away,L,1,5,Chelsea,,city
2016-02-24,Champions Lg,Round of 16,Wed,Away,W,3,1,ua Dynamo Kyiv,47.0,city
2016-02-28,League Cup,Final,Sun,Away,D,1 (3),1 (1),Liverpool,,city
2016-03-02,Premier League,Matchweek 28,Wed,Away,L,0,3,Liverpool,50.0,city
2016-03-05,Premier League,Matchweek 29,Sat,Home,W,4,0,Aston Villa,71.0,city
2016-03-12,Premier League,Matchweek 30,Sat,Away,D,0,0,Norwich City,66.0,city
2016-03-15,Champions Lg,Round of 16,Tue,Home,D,0,0,ua Dynamo Kyiv,46.0,city
2016-03-20,Premier League,Matchweek 31,Sun,Home,L,0,1,Manchester Utd,55.0,city
2016-04-02,Premier League,Matchweek 32,Sat,Away,W,4,0,Bournemouth,54.0,city
2016-04-06,Champions Lg,Quarter-finals,Wed,Away,D,2,2,fr Paris S-G,36.0,city
2016-04-09,Premier League,Matchweek 33,Sat,Home,W,2,1,West Brom,62.0,city
2016-04-12,Champions Lg,Quarter-finals,Tue,Home,W,1,0,fr Paris S-G,38.0,city
2016-04-16,Premier League,Matchweek 34,Sat,Away,W,3,0,Chelsea,48.0,city
2016-04-19,Premier League,Matchweek 27,Tue,Away,D,1,1,Newcastle Utd,57.0,city
2016-04-23,Premier League,Matchweek 35,Sat,Home,W,4,0,Stoke City,53.0,city
2016-04-26,Champions Lg,Semi-finals,Tue,Home,D,0,0,es Real Madrid,48.0,city
2016-05-01,Premier League,Matchweek 36,Sun,Away,L,2,4,Southampton,60.0,city
2016-05-04,Champions Lg,Semi-finals,Wed,Away,L,0,1,es Real Madrid,47.0,city
2016-05-08,Premier League,Matchweek 37,Sun,Home,D,2,2,Arsenal,57.0,city
2016-05-15,Premier League,Matchweek 38,Sun,Away,D,1,1,Swansea City,50.0,city
2015-08-08,Premier League,Matchweek 1,Sat,Home,D,2,2,Watford,67.0,everton
2015-08-15,Premier League,Matchweek 2,Sat,Away,W,3,0,Southampton,46.0,everton
2015-08-23,Premier League,Matchweek 3,Sun,Home,L,0,2,Manchester City,46.0,everton
2015-08-26,League Cup,Second round,Wed,Away,W,5,3,Barnsley,,everton
2015-08-29,Premier League,Matchweek 4,Sat,Away,D,0,0,Tottenham,50.0,everton
2015-09-12,Premier League,Matchweek 5,Sat,Home,W,3,1,Chelsea,39.0,everton
2015-09-19,Premier League,Matchweek 6,Sat,Away,D,0,0,Swansea City,52.0,everton
2015-09-22,League Cup,Third round,Tue,Away,W,2,1,Reading,,everton
2015-09-28,Premier League,Matchweek 7,Mon,Away,W,3,2,West Brom,54.0,everton
2015-10-04,Premier League,Matchweek 8,Sun,Home,D,1,1,Liverpool,51.0,everton
2015-10-17,Premier League,Matchweek 9,Sat,Home,L,0,3,Manchester Utd,47.0,everton
2015-10-24,Premier League,Matchweek 10,Sat,Away,L,1,2,Arsenal,44.0,everton
2015-10-27,League Cup,Fourth round,Tue,Home,D,1 (4),1 (3),Norwich City,,everton
2015-11-01,Premier League,Matchweek 11,Sun,Home,W,6,2,Sunderland,67.0,everton
2015-11-07,Premier League,Matchweek 12,Sat,Away,D,1,1,West Ham,49.0,everton
2015-11-21,Premier League,Matchweek 13,Sat,Home,W,4,0,Aston Villa,60.0,everton
2015-11-28,Premier League,Matchweek 14,Sat,Away,D,3,3,Bournemouth,43.0,everton
2015-12-01,League Cup,Quarter-finals,Tue,Away,W,2,0,Middlesbrough,,everton
2015-12-07,Premier League,Matchweek 15,Mon,Home,D,1,1,Crystal Palace,62.0,everton
2015-12-12,Premier League,Matchweek 16,Sat,Away,D,1,1,Norwich City,59.0,everton
2015-12-19,Premier League,Matchweek 17,Sat,Home,L,2,3,Leicester City,67.0,everton
2015-12-26,Premier League,Matchweek 18,Sat,Away,W,1,0,Newcastle Utd,59.0,everton
2015-12-28,Premier League,Matchweek 19,Mon,Home,L,3,4,Stoke City,51.0,everton
2016-01-03,Premier League,Matchweek 20,Sun,Home,D,1,1,Tottenham,41.0,everton
2016-01-06,League Cup,Semi-finals,Wed,Home,W,2,1,Manchester City,,everton
2016-01-09,FA Cup,Third round,Sat,Home,W,2,0,Dag & Red,,everton
2016-01-13,Premier League,Matchweek 21,Wed,Away,D,0,0,Manchester City,45.0,everton
2016-01-16,Premier League,Matchweek 22,Sat,Away,D,3,3,Chelsea,45.0,everton
2016-01-24,Premier League,Matchweek 23,Sun,Home,L,1,2,Swansea City,60.0,everton
2016-01-27,League Cup,Semi-finals,Wed,Away,L,1,3,Manchester City,,everton
2016-01-31,FA Cup,Fourth round,Sun,Away,W,3,0,Carlisle United,,everton
2016-02-03,Premier League,Matchweek 24,Wed,Home,W,3,0,Newcastle Utd,56.0,everton
2016-02-06,Premier League,Matchweek 25,Sat,Away,W,3,0,Stoke City,35.0,everton
2016-02-13,Premier League,Matchweek 26,Sat,Home,L,0,1,West Brom,76.0,everton
2016-02-20,FA Cup,Fifth round,Sat,Away,W,2,0,Bournemouth,,everton
2016-03-01,Premier League,Matchweek 28,Tue,Away,W,3,1,Aston Villa,53.0,everton
2016-03-05,Premier League,Matchweek 29,Sat,Home,L,2,3,West Ham,42.0,everton
2016-03-12,FA Cup,Quarter-finals,Sat,Home,W,2,0,Chelsea,,everton
2016-03-19,Premier League,Matchweek 31,Sat,Home,L,0,2,Arsenal,54.0,everton
2016-04-03,Premier League,Matchweek 32,Sun,Away,L,0,1,Manchester Utd,46.0,everton
2016-04-09,Premier League,Matchweek 33,Sat,Away,D,1,1,Watford,58.0,everton
2016-04-13,Premier League,Matchweek 35,Wed,Away,D,0,0,Crystal Palace,43.0,everton
2016-04-16,Premier League,Matchweek 34,Sat,Home,D,1,1,Southampton,49.0,everton
2016-04-20,Premier League,Matchweek 27,Wed,Away,L,0,4,Liverpool,33.0,everton
2016-04-23,FA Cup,Semi-finals,Sat,Home,L,1,2,Manchester Utd,,everton
2016-04-30,Premier League,Matchweek 36,Sat,Home,W,2,1,Bournemouth,57.0,everton
2016-05-07,Premier League,Matchweek 37,Sat,Away,L,1,3,Leicester City,59.0,everton
2016-05-11,Premier League,Matchweek 30,Wed,Away,L,0,3,Sunderland,62.0,everton
2016-05-15,Premier League,Matchweek 38,Sun,Home,W,3,0,Norwich City,45.0,everton
2015-08-08,Premier League,Matchweek 1,Sat,Home,W,4,2,Sunderland,44.0,leicester
2015-08-15,Premier League,Matchweek 2,Sat,Away,W,2,1,West Ham,30.0,leicester
2015-08-22,Premier League,Matchweek 3,Sat,Home,D,1,1,Tottenham,35.0,leicester
2015-08-25,League Cup,Second round,Tue,Away,W,4,1,Bury,,leicester
2015-08-29,Premier League,Matchweek 4,Sat,Away,D,1,1,Bournemouth,44.0,leicester
2015-09-13,Premier League,Matchweek 5,Sun,Home,W,3,2,Aston Villa,49.0,leicester
2015-09-19,Premier League,Matchweek 6,Sat,Away,D,2,2,Stoke City,46.0,leicester
2015-09-22,League Cup,Third round,Tue,Home,W,2,1,West Ham,,leicester
2015-09-26,Premier League,Matchweek 7,Sat,Home,L,2,5,Arsenal,42.0,leicester
2015-10-03,Premier League,Matchweek 8,Sat,Away,W,2,1,Norwich City,34.0,leicester
2015-10-17,Premier League,Matchweek 9,Sat,Away,D,2,2,Southampton,49.0,leicester
2015-10-24,Premier League,Matchweek 10,Sat,Home,W,1,0,Crystal Palace,48.0,leicester
2015-10-27,League Cup,Fourth round,Tue,Away,D,1 (4),1 (5),Hull City,,leicester
2015-10-31,Premier League,Matchweek 11,Sat,Away,W,3,2,West Brom,52.0,leicester
2015-11-07,Premier League,Matchweek 12,Sat,Home,W,2,1,Watford,41.0,leicester
2015-11-21,Premier League,Matchweek 13,Sat,Away,W,3,0,Newcastle Utd,46.0,leicester
2015-11-28,Premier League,Matchweek 14,Sat,Home,D,1,1,Manchester Utd,31.0,leicester
2015-12-05,Premier League,Matchweek 15,Sat,Away,W,3,0,Swansea City,41.0,leicester
2015-12-14,Premier League,Matchweek 16,Mon,Home,W,2,1,Chelsea,34.0,leicester
2015-12-19,Premier League,Matchweek 17,Sat,Away,W,3,2,Everton,33.0,leicester
2015-12-26,Premier League,Matchweek 18,Sat,Away,L,0,1,Liverpool,35.0,leicester
2015-12-29,Premier League,Matchweek 19,Tue,Home,D,0,0,Manchester City,39.0,leicester
2016-01-02,Premier League,Matchweek 20,Sat,Home,D,0,0,Bournemouth,54.0,leicester
2016-01-10,FA Cup,Third round,Sun,Away,D,2,2,Tottenham,,leicester
2016-01-13,Premier League,Matchweek 21,Wed,Away,W,1,0,Tottenham,38.0,leicester
2016-01-16,Premier League,Matchweek 22,Sat,Away,D,1,1,Aston Villa,44.0,leicester
2016-01-20,FA Cup,Third round,Wed,Home,L,0,2,Tottenham,,leicester
2016-01-23,Premier League,Matchweek 23,Sat,Home,W,3,0,Stoke City,45.0,leicester
2016-02-02,Premier League,Matchweek 24,Tue,Home,W,2,0,Liverpool,36.0,leicester
2016-02-06,Premier League,Matchweek 25,Sat,Away,W,3,1,Manchester City,34.0,leicester
2016-02-14,Premier League,Matchweek 26,Sun,Away,L,1,2,Arsenal,28.0,leicester
2016-02-27,Premier League,Matchweek 27,Sat,Home,W,1,0,Norwich City,58.0,leicester
2016-03-01,Premier League,Matchweek 28,Tue,Home,D,2,2,West Brom,65.0,leicester
2016-03-05,Premier League,Matchweek 29,Sat,Away,W,1,0,Watford,50.0,leicester
2016-03-14,Premier League,Matchweek 30,Mon,Home,W,1,0,Newcastle Utd,50.0,leicester
2016-03-19,Premier League,Matchweek 31,Sat,Away,W,1,0,Crystal Palace,44.0,leicester
2016-04-03,Premier League,Matchweek 32,Sun,Home,W,1,0,Southampton,46.0,leicester
2016-04-10,Premier League,Matchweek 33,Sun,Away,W,2,0,Sunderland,55.0,leicester
2016-04-17,Premier League,Matchweek 34,Sun,Home,D,2,2,West Ham,44.0,leicester
2016-04-24,Premier League,Matchweek 35,Sun,Home,W,4,0,Swansea City,38.0,leicester
2016-05-01,Premier League,Matchweek 36,Sun,Away,D,1,1,Manchester Utd,30.0,leicester
2016-05-07,Premier League,Matchweek 37,Sat,Home,W,3,1,Everton,41.0,leicester
2016-05-15,Premier League,Matchweek 38,Sun,Away,D,1,1,Chelsea,46.0,leicester
2015-08-09,Premier League,Matchweek 1,Sun,Away,W,1,0,Stoke City,53.0,liverpool
2015-08-17,Premier League,Matchweek 2,Mon,Home,W,1,0,Bournemouth,55.0,liverpool
2015-08-24,Premier League,Matchweek 3,Mon,Away,D,0,0,Arsenal,34.0,liverpool
2015-08-29,Premier League,Matchweek 4,Sat,Home,L,0,3,West Ham,63.0,liverpool
2015-09-12,Premier League,Matchweek 5,Sat,Away,L,1,3,Manchester Utd,44.0,liverpool
2015-09-17,Europa Lg,Group stage,Thu,Away,D,1,1,fr Bordeaux,51.0,liverpool
2015-09-20,Premier League,Matchweek 6,Sun,Home,D,1,1,Norwich City,59.0,liverpool
2015-09-23,League Cup,Third round,Wed,Home,D,1 (3),1 (2),Carlisle United,,liverpool
2015-09-26,Premier League,Matchweek 7,Sat,Home,W,3,2,Aston Villa,62.0,liverpool
2015-10-01,Europa Lg,Group stage,Thu,Home,D,1,1,ch Sion,61.0,liverpool
2015-10-04,Premier League,Matchweek 8,Sun,Away,D,1,1,Everton,49.0,liverpool
2015-10-17,Premier League,Matchweek 9,Sat,Away,D,0,0,Tottenham,52.0,liverpool
2015-10-22,Europa Lg,Group stage,Thu,Home,D,1,1,ru Rubin Kazan,67.0,liverpool
2015-10-25,Premier League,Matchweek 10,Sun,Home,D,1,1,Southampton,60.0,liverpool
2015-10-28,League Cup,Fourth round,Wed,Home,W,1,0,Bournemouth,,liverpool
2015-10-31,Premier League,Matchweek 11,Sat,Away,W,3,1,Chelsea,57.0,liverpool
2015-11-05,Europa Lg,Group stage,Thu,Away,W,1,0,ru Rubin Kazan,64.0,liverpool
2015-11-08,Premier League,Matchweek 12,Sun,Home,L,1,2,Crystal Palace,64.0,liverpool
2015-11-21,Premier League,Matchweek 13,Sat,Away,W,4,1,Manchester City,42.0,liverpool
2015-11-26,Europa Lg,Group stage,Thu,Home,W,2,1,fr Bordeaux,47.0,liverpool
2015-11-29,Premier League,Matchweek 14,Sun,Home,W,1,0,Swansea City,54.0,liverpool
2015-12-02,League Cup,Quarter-finals,Wed,Away,W,6,1,Southampton,,liverpool
2015-12-06,Premier League,Matchweek 15,Sun,Away,L,0,2,Newcastle Utd,60.0,liverpool
2015-12-10,Europa Lg,Group stage,Thu,Away,D,0,0,ch Sion,61.0,liverpool
2015-12-13,Premier League,Matchweek 16,Sun,Home,D,2,2,West Brom,70.0,liverpool
2015-12-20,Premier League,Matchweek 17,Sun,Away,L,0,3,Watford,65.0,liverpool
2015-12-26,Premier League,Matchweek 18,Sat,Home,W,1,0,Leicester City,65.0,liverpool
2015-12-30,Premier League,Matchweek 19,Wed,Away,W,1,0,Sunderland,58.0,liverpool
2016-01-02,Premier League,Matchweek 20,Sat,Away,L,0,2,West Ham,64.0,liverpool
2016-01-05,League Cup,Semi-finals,Tue,Away,W,1,0,Stoke City,,liverpool
2016-01-08,FA Cup,Third round,Fri,Away,D,2,2,Exeter City,,liverpool
2016-01-13,Premier League,Matchweek 21,Wed,Home,D,3,3,Arsenal,60.0,liverpool
2016-01-17,Premier League,Matchweek 22,Sun,Home,L,0,1,Manchester Utd,53.0,liverpool
2016-01-20,FA Cup,Third round,Wed,Home,W,3,0,Exeter City,,liverpool
2016-01-23,Premier League,Matchweek 23,Sat,Away,W,5,4,Norwich City,52.0,liverpool
2016-01-26,League Cup,Semi-finals,Tue,Home,D,0 (6),1 (5),Stoke City,,liverpool
2016-01-30,FA Cup,Fourth round,Sat,Home,D,0,0,West Ham,,liverpool
2016-02-02,Premier League,Matchweek 24,Tue,Away,L,0,2,Leicester City,64.0,liverpool
2016-02-06,Premier League,Matchweek 25,Sat,Home,D,2,2,Sunderland,71.0,liverpool
2016-02-09,FA Cup,Fourth round,Tue,Away,L,1,2,West Ham,,liverpool
2016-02-14,Premier League,Matchweek 26,Sun,Away,W,6,0,Aston Villa,61.0,liverpool
2016-02-18,Europa Lg,Round of 32,Thu,Away,D,0,0,de Augsburg,52.0,liverpool
2016-02-25,Europa Lg,Round of 32,Thu,Home,W,1,0,de Augsburg,57.0,liverpool
2016-02-28,League Cup,Final,Sun,Home,D,1 (1),1 (3),Manchester City,,liverpool
2016-03-02,Premier League,Matchweek 28,Wed,Home,W,3,0,Manchester City,50.0,liverpool
2016-03-06,Premier League,Matchweek 29,Sun,Away,W,2,1,Crystal Palace,62.0,liverpool
2016-03-10,Europa Lg,Round of 16,Thu,Home,W,2,0,eng Manchester Utd,60.0,liverpool
2016-03-17,Europa Lg,Round of 16,Thu,Away,D,1,1,eng Manchester Utd,42.0,liverpool
2016-03-20,Premier League,Matchweek 31,Sun,Away,L,2,3,Southampton,51.0,liverpool
2016-04-02,Premier League,Matchweek 32,Sat,Home,D,1,1,Tottenham,42.0,liverpool
2016-04-07,Europa Lg,Quarter-finals,Thu,Away,D,1,1,de Dortmund,41.0,liverpool
2016-04-10,Premier League,Matchweek 33,Sun,Home,W,4,1,Stoke City,53.0,liverpool
2016-04-14,Europa Lg,Quarter-finals,Thu,Home,W,4,3,de Dortmund,59.0,liverpool
2016-04-17,Premier League,Matchweek 34,Sun,Away,W,2,1,Bournemouth,49.0,liverpool
2016-04-20,Premier League,Matchweek 27,Wed,Home,W,4,0,Everton,67.0,liverpool
2016-04-23,Premier League,Matchweek 35,Sat,Home,D,2,2,Newcastle Utd,67.0,liverpool
2016-04-28,Europa Lg,Semi-finals,Thu,Away,L,0,1,es Villarreal,48.0,liverpool
2016-05-01,Premier League,Matchweek 36,Sun,Away,L,1,3,Swansea City,52.0,liverpool
2016-05-05,Europa Lg,Semi-finals,Thu,Home,W,3,0,es Villarreal,57.0,liverpool
2016-05-08,Premier League,Matchweek 37,Sun,Home,W,2,0,Watford,66.0,liverpool
2016-05-11,Premier League,Matchweek 30,Wed,Home,D,1,1,Chelsea,55.0,liverpool
2016-05-15,Premier League,Matchweek 38,Sun,Away,D,1,1,West Brom,67.0,liverpool
2016-05-18,Europa Lg,Final,Wed,Home,L,1,3,es Sevilla,54.0,liverpool
2015-08-09,Premier League,Matchweek 1,Sun,Home,D,2,2,Southampton,56.0,newcastle
2015-08-15,Premier League,Matchweek 2,Sat,Away,L,0,2,Swansea City,34.0,newcastle
2015-08-22,Premier League,Matchweek 3,Sat,Away,D,0,0,Manchester Utd,31.0,newcastle
2015-08-25,League Cup,Second round,Tue,Home,W,4,1,Northampton,,newcastle
2015-08-29,Premier League,Matchweek 4,Sat,Home,L,0,1,Arsenal,26.0,newcastle
2015-09-14,Premier League,Matchweek 5,Mon,Away,L,0,2,West Ham,61.0,newcastle
2015-09-19,Premier League,Matchweek 6,Sat,Home,L,1,2,Watford,58.0,newcastle
2015-09-23,League Cup,Third round,Wed,Home,L,0,1,Sheffield Weds,,newcastle
2015-09-26,Premier League,Matchweek 7,Sat,Home,D,2,2,Chelsea,36.0,newcastle
2015-10-03,Premier League,Matchweek 8,Sat,Away,L,1,6,Manchester City,36.0,newcastle
2015-10-18,Premier League,Matchweek 9,Sun,Home,W,6,2,Norwich City,44.0,newcastle
2015-10-25,Premier League,Matchweek 10,Sun,Away,L,0,3,Sunderland,60.0,newcastle
2015-10-31,Premier League,Matchweek 11,Sat,Home,D,0,0,Stoke City,52.0,newcastle
2015-11-07,Premier League,Matchweek 12,Sat,Away,W,1,0,Bournemouth,33.0,newcastle
2015-11-21,Premier League,Matchweek 13,Sat,Home,L,0,3,Leicester City,54.0,newcastle
2015-11-28,Premier League,Matchweek 14,Sat,Away,L,1,5,Crystal Palace,46.0,newcastle
2015-12-06,Premier League,Matchweek 15,Sun,Home,W,2,0,Liverpool,40.0,newcastle
2015-12-13,Premier League,Matchweek 16,Sun,Away,W,2,1,Tottenham,42.0,newcastle
2015-12-19,Premier League,Matchweek 17,Sat,Home,D,1,1,Aston Villa,47.0,newcastle
2015-12-26,Premier League,Matchweek 18,Sat,Home,L,0,1,Everton,41.0,newcastle
2015-12-28,Premier League,Matchweek 19,Mon,Away,L,0,1,West Brom,48.0,newcastle
2016-01-02,Premier League,Matchweek 20,Sat,Away,L,0,1,Arsenal,49.0,newcastle
2016-01-09,FA Cup,Third round,Sat,Away,L,0,1,Watford,,newcastle
2016-01-12,Premier League,Matchweek 21,Tue,Home,D,3,3,Manchester Utd,54.0,newcastle
2016-01-16,Premier League,Matchweek 22,Sat,Home,W,2,1,West Ham,51.0,newcastle
2016-01-23,Premier League,Matchweek 23,Sat,Away,L,1,2,Watford,49.0,newcastle
2016-02-03,Premier League,Matchweek 24,Wed,Away,L,0,3,Everton,44.0,newcastle
2016-02-06,Premier League,Matchweek 25,Sat,Home,W,1,0,West Brom,69.0,newcastle
2016-02-13,Premier League,Matchweek 26,Sat,Away,L,1,5,Chelsea,45.0,newcastle
2016-03-02,Premier League,Matchweek 28,Wed,Away,L,0,1,Stoke City,45.0,newcastle
2016-03-05,Premier League,Matchweek 29,Sat,Home,L,1,3,Bournemouth,49.0,newcastle
2016-03-14,Premier League,Matchweek 30,Mon,Away,L,0,1,Leicester City,50.0,newcastle
2016-03-20,Premier League,Matchweek 31,Sun,Home,D,1,1,Sunderland,60.0,newcastle
2016-04-02,Premier League,Matchweek 32,Sat,Away,L,2,3,Norwich City,57.0,newcastle
2016-04-09,Premier League,Matchweek 33,Sat,Away,L,1,3,Southampton,49.0,newcastle
2016-04-16,Premier League,Matchweek 34,Sat,Home,W,3,0,Swansea City,35.0,newcastle
2016-04-19,Premier League,Matchweek 27,Tue,Home,D,1,1,Manchester City,43.0,newcastle
2016-04-23,Premier League,Matchweek 35,Sat,Away,D,2,2,Liverpool,33.0,newcastle
2016-04-30,Premier League,Matchweek 36,Sat,Home,W,1,0,Crystal Palace,50.0,newcastle
2016-05-07,Premier League,Matchweek 37,Sat,Away,D,0,0,Aston Villa,54.0,newcastle
2016-05-15,Premier League,Matchweek 38,Sun,Home,W,5,1,Tottenham,39.0,newcastle
2015-08-08,Premier League,Matchweek 1,Sat,Home,L,1,3,Crystal Palace,63.0,norwich
2015-08-15,Premier League,Matchweek 2,Sat,Away,W,3,1,Sunderland,56.0,norwich
2015-08-22,Premier League,Matchweek 3,Sat,Home,D,1,1,Stoke City,43.0,norwich
2015-08-25,League Cup,Second round,Tue,Away,W,2,1,Rotherham Utd,,norwich
2015-08-30,Premier League,Matchweek 4,Sun,Away,L,0,3,Southampton,39.0,norwich
2015-09-12,Premier League,Matchweek 5,Sat,Home,W,3,1,Bournemouth,48.0,norwich
2015-09-20,Premier League,Matchweek 6,Sun,Away,D,1,1,Liverpool,41.0,norwich
2015-09-23,League Cup,Third round,Wed,Home,W,3,0,West Brom,,norwich
2015-09-26,Premier League,Matchweek 7,Sat,Away,D,2,2,West Ham,57.0,norwich
2015-10-03,Premier League,Matchweek 8,Sat,Home,L,1,2,Leicester City,66.0,norwich
2015-10-18,Premier League,Matchweek 9,Sun,Away,L,2,6,Newcastle Utd,56.0,norwich
2015-10-24,Premier League,Matchweek 10,Sat,Home,L,0,1,West Brom,61.0,norwich
2015-10-27,League Cup,Fourth round,Tue,Away,D,1 (3),1 (4),Everton,,norwich
2015-10-31,Premier League,Matchweek 11,Sat,Away,L,1,2,Manchester City,29.0,norwich
2015-11-07,Premier League,Matchweek 12,Sat,Home,W,1,0,Swansea City,33.0,norwich
2015-11-21,Premier League,Matchweek 13,Sat,Away,L,0,1,Chelsea,36.0,norwich
2015-11-29,Premier League,Matchweek 14,Sun,Home,D,1,1,Arsenal,37.0,norwich
2015-12-05,Premier League,Matchweek 15,Sat,Away,L,0,2,Watford,50.0,norwich
2015-12-12,Premier League,Matchweek 16,Sat,Home,D,1,1,Everton,41.0,norwich
2015-12-19,Premier League,Matchweek 17,Sat,Away,W,2,1,Manchester Utd,31.0,norwich
2015-12-26,Premier League,Matchweek 18,Sat,Away,L,0,3,Tottenham,40.0,norwich
2015-12-28,Premier League,Matchweek 19,Mon,Home,W,2,0,Aston Villa,48.0,norwich
2016-01-02,Premier League,Matchweek 20,Sat,Home,W,1,0,Southampton,42.0,norwich
2016-01-09,FA Cup,Third round,Sat,Home,L,0,3,Manchester City,,norwich
2016-01-13,Premier League,Matchweek 21,Wed,Away,L,1,3,Stoke City,36.0,norwich
2016-01-16,Premier League,Matchweek 22,Sat,Away,L,0,3,Bournemouth,55.0,norwich
2016-01-23,Premier League,Matchweek 23,Sat,Home,L,4,5,Liverpool,48.0,norwich
2016-02-02,Premier League,Matchweek 24,Tue,Home,L,0,3,Tottenham,46.0,norwich
2016-02-06,Premier League,Matchweek 25,Sat,Away,L,0,2,Aston Villa,52.0,norwich
2016-02-13,Premier League,Matchweek 26,Sat,Home,D,2,2,West Ham,48.0,norwich
2016-02-27,Premier League,Matchweek 27,Sat,Away,L,0,1,Leicester City,42.0,norwich
2016-03-01,Premier League,Matchweek 28,Tue,Home,L,1,2,Chelsea,47.0,norwich
2016-03-05,Premier League,Matchweek 29,Sat,Away,L,0,1,Swansea City,44.0,norwich
2016-03-12,Premier League,Matchweek 30,Sat,Home,D,0,0,Manchester City,34.0,norwich
2016-03-19,Premier League,Matchweek 31,Sat,Away,W,1,0,West Brom,50.0,norwich
2016-04-02,Premier League,Matchweek 32,Sat,Home,W,3,2,Newcastle Utd,43.0,norwich
2016-04-09,Premier League,Matchweek 33,Sat,Away,L,0,1,Crystal Palace,48.0,norwich
2016-04-16,Premier League,Matchweek 34,Sat,Home,L,0,3,Sunderland,64.0,norwich
2016-04-30,Premier League,Matchweek 36,Sat,Away,L,0,1,Arsenal,31.0,norwich
2016-05-07,Premier League,Matchweek 37,Sat,Home,L,0,1,Manchester Utd,33.0,norwich
2016-05-11,Premier League,Matchweek 35,Wed,Home,W,4,2,Watford,56.0,norwich
2016-05-15,Premier League,Matchweek 38,Sun,Away,L,0,3,Everton,55.0,norwich
2015-08-08,Premier League,Matchweek 1,Sat,Away,W,3,1,Norwich City,37.0,palace
2015-08-16,Premier League,Matchweek 2,Sun,Home,L,1,2,Arsenal,41.0,palace
2015-08-22,Premier League,Matchweek 3,Sat,Home,W,2,1,Aston Villa,50.0,palace
2015-08-25,League Cup,Second round,Tue,Home,W,4,1,Shrewsbury,,palace
2015-08-29,Premier League,Matchweek 4,Sat,Away,W,2,1,Chelsea,36.0,palace
2015-09-12,Premier League,Matchweek 5,Sat,Home,L,0,1,Manchester City,42.0,palace
2015-09-20,Premier League,Matchweek 6,Sun,Away,L,0,1,Tottenham,43.0,palace
2015-09-23,League Cup,Third round,Wed,Home,W,4,1,Charlton Ath,,palace
2015-09-27,Premier League,Matchweek 7,Sun,Away,W,1,0,Watford,45.0,palace
2015-10-03,Premier League,Matchweek 8,Sat,Home,W,2,0,West Brom,60.0,palace
2015-10-17,Premier League,Matchweek 9,Sat,Home,L,1,3,West Ham,39.0,palace
2015-10-24,Premier League,Matchweek 10,Sat,Away,L,0,1,Leicester City,52.0,palace
2015-10-28,League Cup,Fourth round,Wed,Away,L,1,5,Manchester City,,palace
2015-10-31,Premier League,Matchweek 11,Sat,Home,D,0,0,Manchester Utd,45.0,palace
2015-11-08,Premier League,Matchweek 12,Sun,Away,W,2,1,Liverpool,36.0,palace
2015-11-23,Premier League,Matchweek 13,Mon,Home,L,0,1,Sunderland,67.0,palace
2015-11-28,Premier League,Matchweek 14,Sat,Home,W,5,1,Newcastle Utd,54.0,palace
2015-12-07,Premier League,Matchweek 15,Mon,Away,D,1,1,Everton,38.0,palace
2015-12-12,Premier League,Matchweek 16,Sat,Home,W,1,0,Southampton,44.0,palace
2015-12-19,Premier League,Matchweek 17,Sat,Away,W,2,1,Stoke City,42.0,palace
2015-12-26,Premier League,Matchweek 18,Sat,Away,D,0,0,Bournemouth,45.0,palace
2015-12-28,Premier League,Matchweek 19,Mon,Home,D,0,0,Swansea City,54.0,palace
2016-01-03,Premier League,Matchweek 20,Sun,Home,L,0,3,Chelsea,40.0,palace
2016-01-09,FA Cup,Third round,Sat,Away,W,2,1,Southampton,,palace
2016-01-12,Premier League,Matchweek 21,Tue,Away,L,0,1,Aston Villa,49.0,palace
2016-01-16,Premier League,Matchweek 22,Sat,Away,L,0,4,Manchester City,47.0,palace
2016-01-23,Premier League,Matchweek 23,Sat,Home,L,1,3,Tottenham,36.0,palace
2016-01-30,FA Cup,Fourth round,Sat,Home,W,1,0,Stoke City,,palace
2016-02-02,Premier League,Matchweek 24,Tue,Home,L,1,2,Bournemouth,51.0,palace
2016-02-06,Premier League,Matchweek 25,Sat,Away,D,1,1,Swansea City,42.0,palace
2016-02-13,Premier League,Matchweek 26,Sat,Home,L,1,2,Watford,54.0,palace
2016-02-21,FA Cup,Fifth round,Sun,Away,W,1,0,Tottenham,,palace
2016-02-27,Premier League,Matchweek 27,Sat,Away,L,2,3,West Brom,54.0,palace
2016-03-01,Premier League,Matchweek 28,Tue,Away,D,2,2,Sunderland,41.0,palace
2016-03-06,Premier League,Matchweek 29,Sun,Home,L,1,2,Liverpool,39.0,palace
2016-03-11,FA Cup,Quarter-finals,Fri,Away,W,2,0,Reading,,palace
2016-03-19,Premier League,Matchweek 31,Sat,Home,L,0,1,Leicester City,56.0,palace
2016-04-02,Premier League,Matchweek 32,Sat,Away,D,2,2,West Ham,33.0,palace
2016-04-09,Premier League,Matchweek 33,Sat,Home,W,1,0,Norwich City,52.0,palace
2016-04-13,Premier League,Matchweek 35,Wed,Home,D,0,0,Everton,57.0,palace
2016-04-17,Premier League,Matchweek 34,Sun,Away,D,1,1,Arsenal,28.0,palace
2016-04-20,Premier League,Matchweek 30,Wed,Away,L,0,2,Manchester Utd,34.0,palace
2016-04-24,FA Cup,Semi-finals,Sun,Home,W,2,1,Watford,,palace
2016-04-30,Premier League,Matchweek 36,Sat,Away,L,0,1,Newcastle Utd,51.0,palace
2016-05-07,Premier League,Matchweek 37,Sat,Home,W,2,1,Stoke City,58.0,palace
2016-05-15,Premier League,Matchweek 38,Sun,Away,L,1,4,Southampton,50.0,palace
2016-05-21,FA Cup,Final,Sat,Home,L,1,2,Manchester Utd,,palace
2015-07-30,Europa Lg,Third qualifying round,Thu,Home,W,3,0,nl Vitesse,,southampton
2015-08-06,Europa Lg,Third qualifying round,Thu,Away,W,2,0,nl Vitesse,,southampton
2015-08-09,Premier League,Matchweek 1,Sun,Away,D,2,2,Newcastle Utd,44.0,southampton
2015-08-15,Premier League,Matchweek 2,Sat,Home,L,0,3,Everton,54.0,southampton
2015-08-20,Europa Lg,Play-off round,Thu,Home,D,1,1,dk Midtjylland,,southampton
2015-08-23,Premier League,Matchweek 3,Sun,Away,D,0,0,Watford,48.0,southampton
2015-08-27,Europa Lg,Play-off round,Thu,Away,L,0,1,dk Midtjylland,,southampton
2015-08-30,Premier League,Matchweek 4,Sun,Home,W,3,0,Norwich City,61.0,southampton
2015-09-12,Premier League,Matchweek 5,Sat,Away,D,0,0,West Brom,65.0,southampton
2015-09-20,Premier League,Matchweek 6,Sun,Home,L,2,3,Manchester Utd,41.0,southampton
2015-09-23,League Cup,Third round,Wed,Away,W,6,0,MK Dons,,southampton
2015-09-26,Premier League,Matchweek 7,Sat,Home,W,3,1,Swansea City,42.0,southampton
2015-10-03,Premier League,Matchweek 8,Sat,Away,W,3,1,Chelsea,40.0,southampton
2015-10-17,Premier League,Matchweek 9,Sat,Home,D,2,2,Leicester City,51.0,southampton
2015-10-25,Premier League,Matchweek 10,Sun,Away,D,1,1,Liverpool,40.0,southampton
2015-10-28,League Cup,Fourth round,Wed,Home,W,2,1,Aston Villa,,southampton
2015-11-01,Premier League,Matchweek 11,Sun,Home,W,2,0,Bournemouth,49.0,southampton
2015-11-07,Premier League,Matchweek 12,Sat,Away,W,1,0,Sunderland,64.0,southampton
2015-11-21,Premier League,Matchweek 13,Sat,Home,L,0,1,Stoke City,58.0,southampton
2015-11-28,Premier League,Matchweek 14,Sat,Away,L,1,3,Manchester City,54.0,southampton
2015-12-02,League Cup,Quarter-finals,Wed,Home,L,1,6,Liverpool,,southampton
2015-12-05,Premier League,Matchweek 15,Sat,Home,D,1,1,Aston Villa,63.0,southampton
2015-12-12,Premier League,Matchweek 16,Sat,Away,L,0,1,Crystal Palace,56.0,southampton
2015-12-19,Premier League,Matchweek 17,Sat,Home,L,0,2,Tottenham,51.0,southampton
2015-12-26,Premier League,Matchweek 18,Sat,Home,W,4,0,Arsenal,35.0,southampton
2015-12-28,Premier League,Matchweek 19,Mon,Away,L,1,2,West Ham,51.0,southampton
2016-01-02,Premier League,Matchweek 20,Sat,Away,L,0,1,Norwich City,58.0,southampton
2016-01-09,FA Cup,Third round,Sat,Home,L,1,2,Crystal Palace,,southampton
2016-01-13,Premier League,Matchweek 21,Wed,Home,W,2,0,Watford,51.0,southampton
2016-01-16,Premier League,Matchweek 22,Sat,Home,W,3,0,West Brom,56.0,southampton
2016-01-23,Premier League,Matchweek 23,Sat,Away,W,1,0,Manchester Utd,45.0,southampton
2016-02-02,Premier League,Matchweek 24,Tue,Away,D,0,0,Arsenal,33.0,southampton
2016-02-06,Premier League,Matchweek 25,Sat,Home,W,1,0,West Ham,35.0,southampton
2016-02-13,Premier League,Matchweek 26,Sat,Away,W,1,0,Swansea City,46.0,southampton
2016-02-27,Premier League,Matchweek 27,Sat,Home,L,1,2,Chelsea,35.0,southampton
2016-03-01,Premier League,Matchweek 28,Tue,Away,L,0,2,Bournemouth,55.0,southampton
2016-03-05,Premier League,Matchweek 29,Sat,Home,D,1,1,Sunderland,65.0,southampton
2016-03-12,Premier League,Matchweek 30,Sat,Away,W,2,1,Stoke City,39.0,southampton
2016-03-20,Premier League,Matchweek 31,Sun,Home,W,3,2,Liverpool,49.0,southampton
2016-04-03,Premier League,Matchweek 32,Sun,Away,L,0,1,Leicester City,54.0,southampton
2016-04-09,Premier League,Matchweek 33,Sat,Home,W,3,1,Newcastle Utd,51.0,southampton
2016-04-16,Premier League,Matchweek 34,Sat,Away,D,1,1,Everton,51.0,southampton
2016-04-23,Premier League,Matchweek 35,Sat,Away,W,4,2,Aston Villa,58.0,southampton
2016-05-01,Premier League,Matchweek 36,Sun,Home,W,4,2,Manchester City,40.0,southampton
2016-05-08,Premier League,Matchweek 37,Sun,Away,W,2,1,Tottenham,30.0,southampton
2016-05-15,Premier League,Matchweek 38,Sun,Home,W,4,1,Crystal Palace,50.0,southampton
2015-08-09,Premier League,Matchweek 1,Sun,Home,L,0,1,Liverpool,47.0,stoke
2015-08-15,Premier League,Matchweek 2,Sat,Away,D,2,2,Tottenham,47.0,stoke
2015-08-22,Premier League,Matchweek 3,Sat,Away,D,1,1,Norwich City,57.0,stoke
2015-08-25,League Cup,Second round,Tue,Away,D,1 (8),1 (7),Luton Town,,stoke
2015-08-29,Premier League,Matchweek 4,Sat,Home,L,0,1,West Brom,49.0,stoke
2015-09-12,Premier League,Matchweek 5,Sat,Away,L,0,2,Arsenal,32.0,stoke
2015-09-19,Premier League,Matchweek 6,Sat,Home,D,2,2,Leicester City,54.0,stoke
2015-09-22,League Cup,Third round,Tue,Away,W,1,0,Fulham,,stoke
2015-09-26,Premier League,Matchweek 7,Sat,Home,W,2,1,Bournemouth,44.0,stoke
2015-10-03,Premier League,Matchweek 8,Sat,Away,W,1,0,Aston Villa,44.0,stoke
2015-10-19,Premier League,Matchweek 9,Mon,Away,W,1,0,Swansea City,46.0,stoke
2015-10-24,Premier League,Matchweek 10,Sat,Home,L,0,2,Watford,66.0,stoke
2015-10-27,League Cup,Fourth round,Tue,Home,D,1 (5),1 (4),Chelsea,,stoke
2015-10-31,Premier League,Matchweek 11,Sat,Away,D,0,0,Newcastle Utd,48.0,stoke
2015-11-07,Premier League,Matchweek 12,Sat,Home,W,1,0,Chelsea,37.0,stoke
2015-11-21,Premier League,Matchweek 13,Sat,Away,W,1,0,Southampton,42.0,stoke
2015-11-28,Premier League,Matchweek 14,Sat,Away,L,0,2,Sunderland,52.0,stoke
2015-12-01,League Cup,Quarter-finals,Tue,Home,W,2,0,Sheffield Weds,,stoke
2015-12-05,Premier League,Matchweek 15,Sat,Home,W,2,0,Manchester City,47.0,stoke
2015-12-12,Premier League,Matchweek 16,Sat,Away,D,0,0,West Ham,53.0,stoke
2015-12-19,Premier League,Matchweek 17,Sat,Home,L,1,2,Crystal Palace,58.0,stoke
2015-12-26,Premier League,Matchweek 18,Sat,Home,W,2,0,Manchester Utd,42.0,stoke
2015-12-28,Premier League,Matchweek 19,Mon,Away,W,4,3,Everton,49.0,stoke
2016-01-02,Premier League,Matchweek 20,Sat,Away,L,1,2,West Brom,54.0,stoke
2016-01-05,League Cup,Semi-finals,Tue,Home,L,0,1,Liverpool,,stoke
2016-01-09,FA Cup,Third round,Sat,Away,W,2,1,Doncaster,,stoke
2016-01-13,Premier League,Matchweek 21,Wed,Home,W,3,1,Norwich City,64.0,stoke
2016-01-17,Premier League,Matchweek 22,Sun,Home,D,0,0,Arsenal,45.0,stoke
2016-01-23,Premier League,Matchweek 23,Sat,Away,L,0,3,Leicester City,55.0,stoke
2016-01-26,League Cup,Semi-finals,Tue,Away,D,1 (5),0 (6),Liverpool,,stoke
2016-01-30,FA Cup,Fourth round,Sat,Away,L,0,1,Crystal Palace,,stoke
2016-02-02,Premier League,Matchweek 24,Tue,Away,L,0,3,Manchester Utd,53.0,stoke
2016-02-06,Premier League,Matchweek 25,Sat,Home,L,0,3,Everton,66.0,stoke
2016-02-13,Premier League,Matchweek 26,Sat,Away,W,3,1,Bournemouth,34.0,stoke
2016-02-27,Premier League,Matchweek 27,Sat,Home,W,2,1,Aston Villa,55.0,stoke
2016-03-02,Premier League,Matchweek 28,Wed,Home,W,1,0,Newcastle Utd,55.0,stoke
2016-03-05,Premier League,Matchweek 29,Sat,Away,D,1,1,Chelsea,51.0,stoke
2016-03-12,Premier League,Matchweek 30,Sat,Home,L,1,2,Southampton,61.0,stoke
2016-03-19,Premier League,Matchweek 31,Sat,Away,W,2,1,Watford,48.0,stoke
2016-04-02,Premier League,Matchweek 32,Sat,Home,D,2,2,Swansea City,47.0,stoke
2016-04-10,Premier League,Matchweek 33,Sun,Away,L,1,4,Liverpool,47.0,stoke
2016-04-18,Premier League,Matchweek 34,Mon,Home,L,0,4,Tottenham,51.0,stoke
2016-04-23,Premier League,Matchweek 35,Sat,Away,L,0,4,Manchester City,47.0,stoke
2016-04-30,Premier League,Matchweek 36,Sat,Home,D,1,1,Sunderland,54.0,stoke
2016-05-07,Premier League,Matchweek 37,Sat,Away,L,1,2,Crystal Palace,42.0,stoke
2016-05-15,Premier League,Matchweek 38,Sun,Home,W,2,1,West Ham,47.0,stoke
2015-08-08,Premier League,Matchweek 1,Sat,Away,L,2,4,Leicester City,56.0,sunderland
2015-08-15,Premier League,Matchweek 2,Sat,Home,L,1,3,Norwich City,44.0,sunderland
2015-08-22,Premier League,Matchweek 3,Sat,Home,D,1,1,Swansea City,39.0,sunderland
2015-08-25,League Cup,Second round,Tue,Home,W,6,3,Exeter City,,sunderland
2015-08-29,Premier League,Matchweek 4,Sat,Away,D,2,2,Aston Villa,38.0,sunderland
2015-09-13,Premier League,Matchweek 5,Sun,Home,L,0,1,Tottenham,44.0,sunderland
2015-09-19,Premier League,Matchweek 6,Sat,Away,L,0,2,Bournemouth,47.0,sunderland
2015-09-22,League Cup,Third round,Tue,Home,L,1,4,Manchester City,,sunderland
2015-09-26,Premier League,Matchweek 7,Sat,Away,L,0,3,Manchester Utd,34.0,sunderland
2015-10-03,Premier League,Matchweek 8,Sat,Home,D,2,2,West Ham,44.0,sunderland
2015-10-17,Premier League,Matchweek 9,Sat,Away,L,0,1,West Brom,44.0,sunderland
2015-10-25,Premier League,Matchweek 10,Sun,Home,W,3,0,Newcastle Utd,40.0,sunderland
2015-11-01,Premier League,Matchweek 11,Sun,Away,L,2,6,Everton,33.0,sunderland
2015-11-07,Premier League,Matchweek 12,Sat,Home,L,0,1,Southampton,36.0,sunderland
2015-11-23,Premier League,Matchweek 13,Mon,Away,W,1,0,Crystal Palace,33.0,sunderland
2015-11-28,Premier League,Matchweek 14,Sat,Home,W,2,0,Stoke City,48.0,sunderland
2015-12-05,Premier League,Matchweek 15,Sat,Away,L,1,3,Arsenal,28.0,sunderland
2015-12-12,Premier League,Matchweek 16,Sat,Home,L,0,1,Watford,49.0,sunderland
2015-12-19,Premier League,Matchweek 17,Sat,Away,L,1,3,Chelsea,33.0,sunderland
2015-12-26,Premier League,Matchweek 18,Sat,Away,L,1,4,Manchester City,34.0,sunderland
2015-12-30,Premier League,Matchweek 19,Wed,Home,L,0,1,Liverpool,42.0,sunderland
2016-01-02,Premier League,Matchweek 20,Sat,Home,W,3,1,Aston Villa,45.0,sunderland
2016-01-09,FA Cup,Third round,Sat,Away,L,1,3,Arsenal,,sunderland
2016-01-13,Premier League,Matchweek 21,Wed,Away,W,4,2,Swansea City,49.0,sunderland
2016-01-16,Premier League,Matchweek 22,Sat,Away,L,1,4,Tottenham,33.0,sunderland
2016-01-23,Premier League,Matchweek 23,Sat,Home,D,1,1,Bournemouth,43.0,sunderland
2016-02-02,Premier League,Matchweek 24,Tue,Home,L,0,1,Manchester City,50.0,sunderland
2016-02-06,Premier League,Matchweek 25,Sat,Away,D,2,2,Liverpool,29.0,sunderland
2016-02-13,Premier League,Matchweek 26,Sat,Home,W,2,1,Manchester Utd,34.0,sunderland
2016-02-27,Premier League,Matchweek 27,Sat,Away,L,0,1,West Ham,47.0,sunderland
2016-03-01,Premier League,Matchweek 28,Tue,Home,D,2,2,Crystal Palace,59.0,sunderland
2016-03-05,Premier League,Matchweek 29,Sat,Away,D,1,1,Southampton,35.0,sunderland
2016-03-20,Premier League,Matchweek 31,Sun,Away,D,1,1,Newcastle Utd,40.0,sunderland
2016-04-02,Premier League,Matchweek 32,Sat,Home,D,0,0,West Brom,57.0,sunderland
2016-04-10,Premier League,Matchweek 33,Sun,Home,L,0,2,Leicester City,45.0,sunderland
2016-04-16,Premier League,Matchweek 34,Sat,Away,W,3,0,Norwich City,36.0,sunderland
2016-04-24,Premier League,Matchweek 35,Sun,Home,D,0,0,Arsenal,30.0,sunderland
2016-04-30,Premier League,Matchweek 36,Sat,Away,D,1,1,Stoke City,46.0,sunderland
2016-05-07,Premier League,Matchweek 37,Sat,Home,W,3,2,Chelsea,31.0,sunderland
2016-05-11,Premier League,Matchweek 30,Wed,Home,W,3,0,Everton,38.0,sunderland
2016-05-15,Premier League,Matchweek 38,Sun,Away,D,2,2,Watford,46.0,sunderland
2015-08-08,Premier League,Matchweek 1,Sat,Away,D,2,2,Chelsea,48.0,swansea
2015-08-15,Premier League,Matchweek 2,Sat,Home,W,2,0,Newcastle Utd,66.0,swansea
2015-08-22,Premier League,Matchweek 3,Sat,Away,D,1,1,Sunderland,61.0,swansea
2015-08-25,League Cup,Second round,Tue,Home,W,3,0,York City,,swansea
2015-08-30,Premier League,Matchweek 4,Sun,Home,W,2,1,Manchester Utd,36.0,swansea
2015-09-12,Premier League,Matchweek 5,Sat,Away,L,0,1,Watford,61.0,swansea
2015-09-19,Premier League,Matchweek 6,Sat,Home,D,0,0,Everton,48.0,swansea
2015-09-22,League Cup,Third round,Tue,Away,L,0,1,Hull City,,swansea
2015-09-26,Premier League,Matchweek 7,Sat,Away,L,1,3,Southampton,59.0,swansea
2015-10-04,Premier League,Matchweek 8,Sun,Home,D,2,2,Tottenham,46.0,swansea
2015-10-19,Premier League,Matchweek 9,Mon,Home,L,0,1,Stoke City,54.0,swansea
2015-10-24,Premier League,Matchweek 10,Sat,Away,W,2,1,Aston Villa,52.0,swansea
2015-10-31,Premier League,Matchweek 11,Sat,Home,L,0,3,Arsenal,54.0,swansea
2015-11-07,Premier League,Matchweek 12,Sat,Away,L,0,1,Norwich City,67.0,swansea
2015-11-21,Premier League,Matchweek 13,Sat,Home,D,2,2,Bournemouth,43.0,swansea
2015-11-29,Premier League,Matchweek 14,Sun,Away,L,0,1,Liverpool,46.0,swansea
2015-12-05,Premier League,Matchweek 15,Sat,Home,L,0,3,Leicester City,59.0,swansea
2015-12-12,Premier League,Matchweek 16,Sat,Away,L,1,2,Manchester City,47.0,swansea
2015-12-20,Premier League,Matchweek 17,Sun,Home,D,0,0,West Ham,73.0,swansea
2015-12-26,Premier League,Matchweek 18,Sat,Home,W,1,0,West Brom,56.0,swansea
2015-12-28,Premier League,Matchweek 19,Mon,Away,D,0,0,Crystal Palace,46.0,swansea
2016-01-02,Premier League,Matchweek 20,Sat,Away,L,1,2,Manchester Utd,45.0,swansea
2016-01-10,FA Cup,Third round,Sun,Away,L,2,3,Oxford United,,swansea
2016-01-13,Premier League,Matchweek 21,Wed,Home,L,2,4,Sunderland,51.0,swansea
2016-01-18,Premier League,Matchweek 22,Mon,Home,W,1,0,Watford,57.0,swansea
2016-01-24,Premier League,Matchweek 23,Sun,Away,W,2,1,Everton,40.0,swansea
2016-02-02,Premier League,Matchweek 24,Tue,Away,D,1,1,West Brom,55.0,swansea
2016-02-06,Premier League,Matchweek 25,Sat,Home,D,1,1,Crystal Palace,59.0,swansea
2016-02-13,Premier League,Matchweek 26,Sat,Home,L,0,1,Southampton,54.0,swansea
2016-02-28,Premier League,Matchweek 27,Sun,Away,L,1,2,Tottenham,43.0,swansea
2016-03-02,Premier League,Matchweek 28,Wed,Away,W,2,1,Arsenal,37.0,swansea
2016-03-05,Premier League,Matchweek 29,Sat,Home,W,1,0,Norwich City,56.0,swansea
2016-03-12,Premier League,Matchweek 30,Sat,Away,L,2,3,Bournemouth,56.0,swansea
2016-03-19,Premier League,Matchweek 31,Sat,Home,W,1,0,Aston Villa,54.0,swansea
2016-04-02,Premier League,Matchweek 32,Sat,Away,D,2,2,Stoke City,53.0,swansea
2016-04-09,Premier League,Matchweek 33,Sat,Home,W,1,0,Chelsea,39.0,swansea
2016-04-16,Premier League,Matchweek 34,Sat,Away,L,0,3,Newcastle Utd,66.0,swansea
2016-04-24,Premier League,Matchweek 35,Sun,Away,L,0,4,Leicester City,62.0,swansea
2016-05-01,Premier League,Matchweek 36,Sun,Home,W,3,1,Liverpool,48.0,swansea
2016-05-07,Premier League,Matchweek 37,Sat,Away,W,4,1,West Ham,48.0,swansea
2016-05-15,Premier League,Matchweek 38,Sun,Home,D,1,1,Manchester City,50.0,swansea
2015-08-08,Premier League,Matchweek 1,Sat,Away,L,0,1,Manchester Utd,50.0,tottenham
2015-08-15,Premier League,Matchweek 2,Sat,Home,D,2,2,Stoke City,53.0,tottenham
2015-08-22,Premier League,Matchweek 3,Sat,Away,D,1,1,Leicester City,65.0,tottenham
2015-08-29,Premier League,Matchweek 4,Sat,Home,D,0,0,Everton,50.0,tottenham
2015-09-13,Premier League,Matchweek 5,Sun,Away,W,1,0,Sunderland,56.0,tottenham
2015-09-17,Europa Lg,Group stage,Thu,Home,W,3,1,az Qaraba FK,53.0,tottenham
2015-09-20,Premier League,Matchweek 6,Sun,Home,W,1,0,Crystal Palace,57.0,tottenham
2015-09-23,League Cup,Third round,Wed,Home,L,1,2,Arsenal,,tottenham
2015-09-26,Premier League,Matchweek 7,Sat,Home,W,4,1,Manchester City,46.0,tottenham
2015-10-01,Europa Lg,Group stage,Thu,Away,D,1,1,fr Monaco,50.0,tottenham
2015-10-04,Premier League,Matchweek 8,Sun,Away,D,2,2,Swansea City,54.0,tottenham
2015-10-17,Premier League,Matchweek 9,Sat,Home,D,0,0,Liverpool,49.0,tottenham
2015-10-22,Europa Lg,Group stage,Thu,Away,L,1,2,be Anderlecht,64.0,tottenham
2015-10-25,Premier League,Matchweek 10,Sun,Away,W,5,1,Bournemouth,54.0,tottenham
2015-11-02,Premier League,Matchweek 11,Mon,Home,W,3,1,Aston Villa,61.0,tottenham
2015-11-05,Europa Lg,Group stage,Thu,Home,W,2,1,be Anderlecht,54.0,tottenham
2015-11-08,Premier League,Matchweek 12,Sun,Away,D,1,1,Arsenal,45.0,tottenham
2015-11-22,Premier League,Matchweek 13,Sun,Home,W,4,1,West Ham,56.0,tottenham
2015-11-26,Europa Lg,Group stage,Thu,Away,W,1,0,az Qaraba FK,61.0,tottenham
2015-11-29,Premier League,Matchweek 14,Sun,Home,D,0,0,Chelsea,58.0,tottenham
2015-12-05,Premier League,Matchweek 15,Sat,Away,D,1,1,West Brom,65.0,tottenham
2015-12-10,Europa Lg,Group stage,Thu,Home,W,4,1,fr Monaco,58.0,tottenham
2015-12-13,Premier League,Matchweek 16,Sun,Home,L,1,2,Newcastle Utd,58.0,tottenham
2015-12-19,Premier League,Matchweek 17,Sat,Away,W,2,0,Southampton,49.0,tottenham
2015-12-26,Premier League,Matchweek 18,Sat,Home,W,3,0,Norwich City,60.0,tottenham
2015-12-28,Premier League,Matchweek 19,Mon,Away,W,2,1,Watford,63.0,tottenham
2016-01-03,Premier League,Matchweek 20,Sun,Away,D,1,1,Everton,59.0,tottenham
2016-01-10,FA Cup,Third round,Sun,Home,D,2,2,Leicester City,,tottenham
2016-01-13,Premier League,Matchweek 21,Wed,Home,L,0,1,Leicester City,62.0,tottenham
2016-01-16,Premier League,Matchweek 22,Sat,Home,W,4,1,Sunderland,67.0,tottenham
2016-01-20,FA Cup,Third round,Wed,Away,W,2,0,Leicester City,,tottenham
2016-01-23,Premier League,Matchweek 23,Sat,Away,W,3,1,Crystal Palace,64.0,tottenham
2016-01-30,FA Cup,Fourth round,Sat,Away,W,4,1,Colchester Utd,,tottenham
2016-02-02,Premier League,Matchweek 24,Tue,Away,W,3,0,Norwich City,54.0,tottenham
2016-02-06,Premier League,Matchweek 25,Sat,Home,W,1,0,Watford,66.0,tottenham
2016-02-14,Premier League,Matchweek 26,Sun,Away,W,2,1,Manchester City,54.0,tottenham
2016-02-18,Europa Lg,Round of 32,Thu,Away,D,1,1,it Fiorentina,50.0,tottenham
2016-02-21,FA Cup,Fifth round,Sun,Home,L,0,1,Crystal Palace,,tottenham
2016-02-25,Europa Lg,Round of 32,Thu,Home,W,3,0,it Fiorentina,47.0,tottenham
2016-02-28,Premier League,Matchweek 27,Sun,Home,W,2,1,Swansea City,57.0,tottenham
2016-03-02,Premier League,Matchweek 28,Wed,Away,L,0,1,West Ham,65.0,tottenham
2016-03-05,Premier League,Matchweek 29,Sat,Home,D,2,2,Arsenal,52.0,tottenham
2016-03-10,Europa Lg,Round of 16,Thu,Away,L,0,3,de Dortmund,34.0,tottenham
2016-03-13,Premier League,Matchweek 30,Sun,Away,W,2,0,Aston Villa,63.0,tottenham
2016-03-17,Europa Lg,Round of 16,Thu,Home,L,1,2,de Dortmund,59.0,tottenham
2016-03-20,Premier League,Matchweek 31,Sun,Home,W,3,0,Bournemouth,63.0,tottenham
2016-04-02,Premier League,Matchweek 32,Sat,Away,D,1,1,Liverpool,58.0,tottenham
2016-04-10,Premier League,Matchweek 33,Sun,Home,W,3,0,Manchester Utd,47.0,tottenham
2016-04-18,Premier League,Matchweek 34,Mon,Away,W,4,0,Stoke City,49.0,tottenham
2016-04-25,Premier League,Matchweek 35,Mon,Home,D,1,1,West Brom,67.0,tottenham
2016-05-02,Premier League,Matchweek 36,Mon,Away,D,2,2,Chelsea,53.0,tottenham
2016-05-08,Premier League,Matchweek 37,Sun,Home,L,1,2,Southampton,70.0,tottenham
2016-05-15,Premier League,Matchweek 38,Sun,Away,L,1,5,Newcastle Utd,62.0,tottenham
2015-08-08,Premier League,Matchweek 1,Sat,Home,W,1,0,Tottenham,50.0,united
2015-08-14,Premier League,Matchweek 2,Fri,Away,W,1,0,Aston Villa,54.0,united
2015-08-18,Champions Lg,Play-off round,Tue,Home,W,3,1,be Club Brugge,64.0,united
2015-08-22,Premier League,Matchweek 3,Sat,Home,D,0,0,Newcastle Utd,69.0,united
2015-08-26,Champions Lg,Play-off round,Wed,Away,W,4,0,be Club Brugge,62.0,united
2015-08-30,Premier League,Matchweek 4,Sun,Away,L,1,2,Swansea City,65.0,united
2015-09-12,Premier League,Matchweek 5,Sat,Home,W,3,1,Liverpool,56.0,united
2015-09-15,Champions Lg,Group stage,Tue,Away,L,1,2,nl PSV Eindhoven,62.0,united
2015-09-20,Premier League,Matchweek 6,Sun,Away,W,3,2,Southampton,59.0,united
2015-09-23,League Cup,Third round,Wed,Home,W,3,0,Ipswich Town,,united
2015-09-26,Premier League,Matchweek 7,Sat,Home,W,3,0,Sunderland,66.0,united
2015-09-30,Champions Lg,Group stage,Wed,Home,W,2,1,de Wolfsburg,55.0,united
2015-10-04,Premier League,Matchweek 8,Sun,Away,L,0,3,Arsenal,62.0,united
2015-10-17,Premier League,Matchweek 9,Sat,Away,W,3,0,Everton,53.0,united
2015-10-21,Champions Lg,Group stage,Wed,Away,D,1,1,ru CSKA Moscow,67.0,united
2015-10-25,Premier League,Matchweek 10,Sun,Home,D,0,0,Manchester City,59.0,united
2015-10-28,League Cup,Fourth round,Wed,Home,D,0 (1),0 (3),Middlesbrough,,united
2015-10-31,Premier League,Matchweek 11,Sat,Away,D,0,0,Crystal Palace,55.0,united
2015-11-03,Champions Lg,Group stage,Tue,Home,W,1,0,ru CSKA Moscow,68.0,united
2015-11-07,Premier League,Matchweek 12,Sat,Home,W,2,0,West Brom,68.0,united
2015-11-21,Premier League,Matchweek 13,Sat,Away,W,2,1,Watford,56.0,united
2015-11-25,Champions Lg,Group stage,Wed,Home,D,0,0,nl PSV Eindhoven,58.0,united
2015-11-28,Premier League,Matchweek 14,Sat,Away,D,1,1,Leicester City,69.0,united
2015-12-05,Premier League,Matchweek 15,Sat,Home,D,0,0,West Ham,63.0,united
2015-12-08,Champions Lg,Group stage,Tue,Away,L,2,3,de Wolfsburg,53.0,united
2015-12-12,Premier League,Matchweek 16,Sat,Away,L,1,2,Bournemouth,57.0,united
2015-12-19,Premier League,Matchweek 17,Sat,Home,L,1,2,Norwich City,69.0,united
2015-12-26,Premier League,Matchweek 18,Sat,Away,L,0,2,Stoke City,59.0,united
2015-12-28,Premier League,Matchweek 19,Mon,Home,D,0,0,Chelsea,67.0,united
2016-01-02,Premier League,Matchweek 20,Sat,Home,W,2,1,Swansea City,55.0,united
2016-01-09,FA Cup,Third round,Sat,Home,W,1,0,Sheffield Utd,,united
2016-01-12,Premier League,Matchweek 21,Tue,Away,D,3,3,Newcastle Utd,46.0,united
2016-01-17,Premier League,Matchweek 22,Sun,Away,W,1,0,Liverpool,47.0,united
2016-01-23,Premier League,Matchweek 23,Sat,Home,L,0,1,Southampton,55.0,united
2016-01-29,FA Cup,Fourth round,Fri,Away,W,3,1,Derby County,,united
2016-02-02,Premier League,Matchweek 24,Tue,Home,W,3,0,Stoke City,47.0,united
2016-02-07,Premier League,Matchweek 25,Sun,Away,D,1,1,Chelsea,51.0,united
2016-02-13,Premier League,Matchweek 26,Sat,Away,L,1,2,Sunderland,66.0,united
2016-02-18,Europa Lg,Round of 32,Thu,Away,L,1,2,dk Midtjylland,59.0,united
2016-02-22,FA Cup,Fifth round,Mon,Away,W,3,0,Shrewsbury,,united
2016-02-25,Europa Lg,Round of 32,Thu,Home,W,5,1,dk Midtjylland,65.0,united
2016-02-28,Premier League,Matchweek 27,Sun,Home,W,3,2,Arsenal,39.0,united
2016-03-02,Premier League,Matchweek 28,Wed,Home,W,1,0,Watford,61.0,united
2016-03-06,Premier League,Matchweek 29,Sun,Away,L,0,1,West Brom,53.0,united
2016-03-10,Europa Lg,Round of 16,Thu,Away,L,0,2,eng Liverpool,40.0,united
2016-03-13,FA Cup,Quarter-finals,Sun,Home,D,1,1,West Ham,,united
2016-03-17,Europa Lg,Round of 16,Thu,Home,D,1,1,eng Liverpool,58.0,united
2016-03-20,Premier League,Matchweek 31,Sun,Away,W,1,0,Manchester City,46.0,united
2016-04-03,Premier League,Matchweek 32,Sun,Home,W,1,0,Everton,54.0,united
2016-04-10,Premier League,Matchweek 33,Sun,Away,L,0,3,Tottenham,53.0,united
2016-04-13,FA Cup,Quarter-finals,Wed,Away,W,2,1,West Ham,,united
2016-04-16,Premier League,Matchweek 34,Sat,Home,W,1,0,Aston Villa,66.0,united
2016-04-20,Premier League,Matchweek 30,Wed,Home,W,2,0,Crystal Palace,66.0,united
2016-04-23,FA Cup,Semi-finals,Sat,Away,W,2,1,Everton,,united
2016-05-01,Premier League,Matchweek 36,Sun,Home,D,1,1,Leicester City,71.0,united
2016-05-07,Premier League,Matchweek 37,Sat,Away,W,1,0,Norwich City,67.0,united
2016-05-10,Premier League,Matchweek 35,Tue,Away,L,2,3,West Ham,59.0,united
2016-05-17,Premier League,Matchweek 38,Tue,Home,W,3,1,Bournemouth,66.0,united
2016-05-21,FA Cup,Final,Sat,Away,W,2,1,Crystal Palace,,united
2015-08-08,Premier League,Matchweek 1,Sat,Away,D,2,2,Everton,33.0,watford
2015-08-15,Premier League,Matchweek 2,Sat,Home,D,0,0,West Brom,64.0,watford
2015-08-23,Premier League,Matchweek 3,Sun,Home,D,0,0,Southampton,52.0,watford
2015-08-25,League Cup,Second round,Tue,Away,L,0,1,Preston,,watford
2015-08-29,Premier League,Matchweek 4,Sat,Away,L,0,2,Manchester City,41.0,watford
2015-09-12,Premier League,Matchweek 5,Sat,Home,W,1,0,Swansea City,39.0,watford
2015-09-19,Premier League,Matchweek 6,Sat,Away,W,2,1,Newcastle Utd,42.0,watford
2015-09-27,Premier League,Matchweek 7,Sun,Home,L,0,1,Crystal Palace,55.0,watford
2015-10-03,Premier League,Matchweek 8,Sat,Away,D,1,1,Bournemouth,46.0,watford
2015-10-17,Premier League,Matchweek 9,Sat,Home,L,0,3,Arsenal,33.0,watford
2015-10-24,Premier League,Matchweek 10,Sat,Away,W,2,0,Stoke City,34.0,watford
2015-10-31,Premier League,Matchweek 11,Sat,Home,W,2,0,West Ham,51.0,watford
2015-11-07,Premier League,Matchweek 12,Sat,Away,L,1,2,Leicester City,59.0,watford
2015-11-21,Premier League,Matchweek 13,Sat,Home,L,1,2,Manchester Utd,44.0,watford
2015-11-28,Premier League,Matchweek 14,Sat,Away,W,3,2,Aston Villa,35.0,watford
2015-12-05,Premier League,Matchweek 15,Sat,Home,W,2,0,Norwich City,50.0,watford
2015-12-12,Premier League,Matchweek 16,Sat,Away,W,1,0,Sunderland,51.0,watford
2015-12-20,Premier League,Matchweek 17,Sun,Home,W,3,0,Liverpool,35.0,watford
2015-12-26,Premier League,Matchweek 18,Sat,Away,D,2,2,Chelsea,38.0,watford
2015-12-28,Premier League,Matchweek 19,Mon,Home,L,1,2,Tottenham,38.0,watford
2016-01-02,Premier League,Matchweek 20,Sat,Home,L,1,2,Manchester City,49.0,watford
2016-01-09,FA Cup,Third round,Sat,Home,W,1,0,Newcastle Utd,,watford
2016-01-13,Premier League,Matchweek 21,Wed,Away,L,0,2,Southampton,49.0,watford
2016-01-18,Premier League,Matchweek 22,Mon,Away,L,0,1,Swansea City,43.0,watford
2016-01-23,Premier League,Matchweek 23,Sat,Home,W,2,1,Newcastle Utd,51.0,watford
2016-01-30,FA Cup,Fourth round,Sat,Away,W,1,0,Nott'ham Forest,,watford
2016-02-03,Premier League,Matchweek 24,Wed,Home,D,0,0,Chelsea,45.0,watford
2016-02-06,Premier League,Matchweek 25,Sat,Away,L,0,1,Tottenham,34.0,watford
2016-02-13,Premier League,Matchweek 26,Sat,Away,W,2,1,Crystal Palace,46.0,watford
2016-02-20,FA Cup,Fifth round,Sat,Home,W,1,0,Leeds United,,watford
2016-02-27,Premier League,Matchweek 27,Sat,Home,D,0,0,Bournemouth,47.0,watford
2016-03-02,Premier League,Matchweek 28,Wed,Away,L,0,1,Manchester Utd,39.0,watford
2016-03-05,Premier League,Matchweek 29,Sat,Home,L,0,1,Leicester City,50.0,watford
2016-03-13,FA Cup,Quarter-finals,Sun,Away,W,2,1,Arsenal,,watford
2016-03-19,Premier League,Matchweek 31,Sat,Home,L,1,2,Stoke City,52.0,watford
2016-04-02,Premier League,Matchweek 32,Sat,Away,L,0,4,Arsenal,31.0,watford
2016-04-09,Premier League,Matchweek 33,Sat,Home,D,1,1,Everton,42.0,watford
2016-04-16,Premier League,Matchweek 34,Sat,Away,W,1,0,West Brom,43.0,watford
2016-04-20,Premier League,Matchweek 30,Wed,Away,L,1,3,West Ham,54.0,watford
2016-04-24,FA Cup,Semi-finals,Sun,Away,L,1,2,Crystal Palace,,watford
2016-04-30,Premier League,Matchweek 36,Sat,Home,W,3,2,Aston Villa,65.0,watford
2016-05-08,Premier League,Matchweek 37,Sun,Away,L,0,2,Liverpool,34.0,watford
2016-05-11,Premier League,Matchweek 35,Wed,Away,L,2,4,Norwich City,44.0,watford
2016-05-15,Premier League,Matchweek 38,Sun,Home,D,2,2,Sunderland,54.0,watford
2015-08-10,Premier League,Matchweek 1,Mon,Home,L,0,3,Manchester City,31.0,west-brom
2015-08-15,Premier League,Matchweek 2,Sat,Away,D,0,0,Watford,36.0,west-brom
2015-08-23,Premier League,Matchweek 3,Sun,Home,L,2,3,Chelsea,44.0,west-brom
2015-08-25,League Cup,Second round,Tue,Home,D,0 (5),0 (3),Port Vale,,west-brom
2015-08-29,Premier League,Matchweek 4,Sat,Away,W,1,0,Stoke City,51.0,west-brom
2015-09-12,Premier League,Matchweek 5,Sat,Home,D,0,0,Southampton,35.0,west-brom
2015-09-19,Premier League,Matchweek 6,Sat,Away,W,1,0,Aston Villa,40.0,west-brom
2015-09-23,League Cup,Third round,Wed,Away,L,0,3,Norwich City,,west-brom
2015-09-28,Premier League,Matchweek 7,Mon,Home,L,2,3,Everton,46.0,west-brom
2015-10-03,Premier League,Matchweek 8,Sat,Away,L,0,2,Crystal Palace,40.0,west-brom
2015-10-17,Premier League,Matchweek 9,Sat,Home,W,1,0,Sunderland,56.0,west-brom
2015-10-24,Premier League,Matchweek 10,Sat,Away,W,1,0,Norwich City,39.0,west-brom
2015-10-31,Premier League,Matchweek 11,Sat,Home,L,2,3,Leicester City,48.0,west-brom
2015-11-07,Premier League,Matchweek 12,Sat,Away,L,0,2,Manchester Utd,32.0,west-brom
2015-11-21,Premier League,Matchweek 13,Sat,Home,W,2,1,Arsenal,27.0,west-brom
2015-11-29,Premier League,Matchweek 14,Sun,Away,D,1,1,West Ham,39.0,west-brom
2015-12-05,Premier League,Matchweek 15,Sat,Home,D,1,1,Tottenham,35.0,west-brom
2015-12-13,Premier League,Matchweek 16,Sun,Away,D,2,2,Liverpool,30.0,west-brom
2015-12-19,Premier League,Matchweek 17,Sat,Home,L,1,2,Bournemouth,33.0,west-brom
2015-12-26,Premier League,Matchweek 18,Sat,Away,L,0,1,Swansea City,45.0,west-brom
2015-12-28,Premier League,Matchweek 19,Mon,Home,W,1,0,Newcastle Utd,52.0,west-brom
2016-01-02,Premier League,Matchweek 20,Sat,Home,W,2,1,Stoke City,46.0,west-brom
2016-01-09,FA Cup,Third round,Sat,Home,D,2,2,Bristol City,,west-brom
2016-01-13,Premier League,Matchweek 21,Wed,Away,D,2,2,Chelsea,39.0,west-brom
2016-01-16,Premier League,Matchweek 22,Sat,Away,L,0,3,Southampton,44.0,west-brom
2016-01-19,FA Cup,Third round,Tue,Away,W,1,0,Bristol City,,west-brom
2016-01-23,Premier League,Matchweek 23,Sat,Home,D,0,0,Aston Villa,39.0,west-brom
2016-01-30,FA Cup,Fourth round,Sat,Home,D,2,2,P'borough Utd,,west-brom
2016-02-02,Premier League,Matchweek 24,Tue,Home,D,1,1,Swansea City,45.0,west-brom
2016-02-06,Premier League,Matchweek 25,Sat,Away,L,0,1,Newcastle Utd,31.0,west-brom
2016-02-10,FA Cup,Fourth round,Wed,Away,D,1 (4),1 (3),P'borough Utd,,west-brom
2016-02-13,Premier League,Matchweek 26,Sat,Away,W,1,0,Everton,24.0,west-brom
2016-02-20,FA Cup,Fifth round,Sat,Away,L,1,3,Reading,,west-brom
2016-02-27,Premier League,Matchweek 27,Sat,Home,W,3,2,Crystal Palace,46.0,west-brom
2016-03-01,Premier League,Matchweek 28,Tue,Away,D,2,2,Leicester City,35.0,west-brom
2016-03-06,Premier League,Matchweek 29,Sun,Home,W,1,0,Manchester Utd,47.0,west-brom
2016-03-19,Premier League,Matchweek 31,Sat,Home,L,0,1,Norwich City,50.0,west-brom
2016-04-02,Premier League,Matchweek 32,Sat,Away,D,0,0,Sunderland,43.0,west-brom
2016-04-09,Premier League,Matchweek 33,Sat,Away,L,1,2,Manchester City,38.0,west-brom
2016-04-16,Premier League,Matchweek 34,Sat,Home,L,0,1,Watford,57.0,west-brom
2016-04-21,Premier League,Matchweek 30,Thu,Away,L,0,2,Arsenal,29.0,west-brom
2016-04-25,Premier League,Matchweek 35,Mon,Away,D,1,1,Tottenham,34.0,west-brom
2016-04-30,Premier League,Matchweek 36,Sat,Home,L,0,3,West Ham,41.0,west-brom
2016-05-07,Premier League,Matchweek 37,Sat,Away,D,1,1,Bournemouth,31.0,west-brom
2016-05-15,Premier League,Matchweek 38,Sun,Home,D,1,1,Liverpool,33.0,west-brom
2015-07-02,Europa Lg,First qualifying round,Thu,Home,W,3,0,ad FC Lusitanos,,west-ham
2015-07-09,Europa Lg,First qualifying round,Thu,Away,W,1,0,ad FC Lusitanos,,west-ham
2015-07-16,Europa Lg,Second qualifying round,Thu,Home,W,1,0,mt Birkirkara FC,,west-ham
2015-07-23,Europa Lg,Second qualifying round,Thu,Away,W,0 (5),1 (3),mt Birkirkara FC,,west-ham
2015-07-30,Europa Lg,Third qualifying round,Thu,Home,D,2,2,ro Astra Giurgiu,,west-ham
2015-08-06,Europa Lg,Third qualifying round,Thu,Away,L,1,2,ro Astra Giurgiu,,west-ham
2015-08-09,Premier League,Matchweek 1,Sun,Away,W,2,0,Arsenal,38.0,west-ham
2015-08-15,Premier League,Matchweek 2,Sat,Home,L,1,2,Leicester City,70.0,west-ham
2015-08-22,Premier League,Matchweek 3,Sat,Home,L,3,4,Bournemouth,46.0,west-ham
2015-08-29,Premier League,Matchweek 4,Sat,Away,W,3,0,Liverpool,37.0,west-ham
2015-09-14,Premier League,Matchweek 5,Mon,Home,W,2,0,Newcastle Utd,39.0,west-ham
2015-09-19,Premier League,Matchweek 6,Sat,Away,W,2,1,Manchester City,29.0,west-ham
2015-09-22,League Cup,Third round,Tue,Away,L,1,2,Leicester City,,west-ham
2015-09-26,Premier League,Matchweek 7,Sat,Home,D,2,2,Norwich City,43.0,west-ham
2015-10-03,Premier League,Matchweek 8,Sat,Away,D,2,2,Sunderland,56.0,west-ham
2015-10-17,Premier League,Matchweek 9,Sat,Away,W,3,1,Crystal Palace,62.0,west-ham
2015-10-24,Premier League,Matchweek 10,Sat,Home,W,2,1,Chelsea,46.0,west-ham
2015-10-31,Premier League,Matchweek 11,Sat,Away,L,0,2,Watford,49.0,west-ham
2015-11-07,Premier League,Matchweek 12,Sat,Home,D,1,1,Everton,51.0,west-ham
2015-11-22,Premier League,Matchweek 13,Sun,Away,L,1,4,Tottenham,44.0,west-ham
2015-11-29,Premier League,Matchweek 14,Sun,Home,D,1,1,West Brom,61.0,west-ham
2015-12-05,Premier League,Matchweek 15,Sat,Away,D,0,0,Manchester Utd,37.0,west-ham
2015-12-12,Premier League,Matchweek 16,Sat,Home,D,0,0,Stoke City,47.0,west-ham
2015-12-20,Premier League,Matchweek 17,Sun,Away,D,0,0,Swansea City,27.0,west-ham
2015-12-26,Premier League,Matchweek 18,Sat,Away,D,1,1,Aston Villa,41.0,west-ham
2015-12-28,Premier League,Matchweek 19,Mon,Home,W,2,1,Southampton,49.0,west-ham
2016-01-02,Premier League,Matchweek 20,Sat,Home,W,2,0,Liverpool,36.0,west-ham
2016-01-09,FA Cup,Third round,Sat,Home,W,1,0,Wolves,,west-ham
2016-01-12,Premier League,Matchweek 21,Tue,Away,W,3,1,Bournemouth,51.0,west-ham
2016-01-16,Premier League,Matchweek 22,Sat,Away,L,1,2,Newcastle Utd,49.0,west-ham
2016-01-23,Premier League,Matchweek 23,Sat,Home,D,2,2,Manchester City,47.0,west-ham
2016-01-30,FA Cup,Fourth round,Sat,Away,D,0,0,Liverpool,,west-ham
2016-02-02,Premier League,Matchweek 24,Tue,Home,W,2,0,Aston Villa,68.0,west-ham
2016-02-06,Premier League,Matchweek 25,Sat,Away,L,0,1,Southampton,65.0,west-ham
2016-02-09,FA Cup,Fourth round,Tue,Home,W,2,1,Liverpool,,west-ham
2016-02-13,Premier League,Matchweek 26,Sat,Away,D,2,2,Norwich City,52.0,west-ham
2016-02-21,FA Cup,Fifth round,Sun,Away,W,5,1,Blackburn,,west-ham
2016-02-27,Premier League,Matchweek 27,Sat,Home,W,1,0,Sunderland,53.0,west-ham
2016-03-02,Premier League,Matchweek 28,Wed,Home,W,1,0,Tottenham,35.0,west-ham
2016-03-05,Premier League,Matchweek 29,Sat,Away,W,3,2,Everton,58.0,west-ham
2016-03-13,FA Cup,Quarter-finals,Sun,Away,D,1,1,Manchester Utd,,west-ham
2016-03-19,Premier League,Matchweek 31,Sat,Away,D,2,2,Chelsea,41.0,west-ham
2016-04-02,Premier League,Matchweek 32,Sat,Home,D,2,2,Crystal Palace,67.0,west-ham
2016-04-09,Premier League,Matchweek 33,Sat,Home,D,3,3,Arsenal,39.0,west-ham
2016-04-13,FA Cup,Quarter-finals,Wed,Home,L,1,2,Manchester Utd,,west-ham
2016-04-17,Premier League,Matchweek 34,Sun,Away,D,2,2,Leicester City,57.0,west-ham
2016-04-20,Premier League,Matchweek 30,Wed,Home,W,3,1,Watford,46.0,west-ham
2016-04-30,Premier League,Matchweek 36,Sat,Away,W,3,0,West Brom,59.0,west-ham
2016-05-07,Premier League,Matchweek 37,Sat,Home,L,1,4,Swansea City,52.0,west-ham
2016-05-10,Premier League,Matchweek 35,Tue,Home,W,3,2,Manchester Utd,41.0,west-ham
2016-05-15,Premier League,Matchweek 38,Sun,Away,L,1,2,Stoke City,53.0,west-ham
